time,x_q15,y_q15,z_q15,x_scale,y_scale,z_scale
2.002002002002002,-17060,4035,15251,3.225274392402202,3.696552443387321,0.05900727777802583
2.012012012012012,-17108,3894,15237,3.225274392402202,3.696552443387321,0.05900727777802583
2.022022022022022,-17155,3752,15222,3.225274392402202,3.696552443387321,0.05900727777802583
2.032032032032032,-17200,3609,15208,3.225274392402202,3.696552443387321,0.05900727777802583
2.042042042042042,-17243,3466,15195,3.225274392402202,3.696552443387321,0.05900727777802583
2.052052052052052,-17285,3322,15181,3.225274392402202,3.696552443387321,0.05900727777802583
2.062062062062062,-17325,3177,15169,3.225274392402202,3.696552443387321,0.05900727777802583
2.0720720720720722,-17363,3032,15156,3.225274392402202,3.696552443387321,0.05900727777802583
2.0820820820820822,-17400,2886,15144,3.225274392402202,3.696552443387321,0.05900727777802583
2.0920920920920922,-17435,2740,15132,3.225274392402202,3.696552443387321,0.05900727777802583
2.1021021021021022,-17468,2592,15120,3.225274392402202,3.696552443387321,0.05900727777802583
2.1121121121121122,-17500,2445,15109,3.225274392402202,3.696552443387321,0.05900727777802583
2.1221221221221223,-17530,2297,15099,3.225274392402202,3.696552443387321,0.05900727777802583
2.1321321321321323,-17558,2148,15088,3.225274392402202,3.696552443387321,0.05900727777802583
2.1421421421421423,-17585,1998,15078,3.225274392402202,3.696552443387321,0.05900727777802583
2.1521521521521523,-17610,1849,15068,3.225274392402202,3.696552443387321,0.05900727777802583
2.1621621621621623,-17633,1698,15059,3.225274392402202,3.696552443387321,0.05900727777802583
2.1721721721721723,-17654,1547,15050,3.225274392402202,3.696552443387321,0.05900727777802583
2.1821821821821823,-17674,1396,15041,3.225274392402202,3.696552443387321,0.05900727777802583
2.1921921921921923,-17692,1244,15033,3.225274392402202,3.696552443387321,0.05900727777802583
2.2022022022022023,-17708,1092,15025,3.225274392402202,3.696552443387321,0.05900727777802583
2.2122122122122123,-17722,939,15018,3.225274392402202,3.696552443387321,0.05900727777802583
2.2222222222222223,-17735,786,15010,3.225274392402202,3.696552443387321,0.05900727777802583
2.2322322322322323,-17746,633,15003,3.225274392402202,3.696552443387321,0.05900727777802583
2.2422422422422423,-17755,479,14997,3.225274392402202,3.696552443387321,0.05900727777802583
2.2522522522522523,-17762,324,14991,3.225274392402202,3.696552443387321,0.05900727777802583
2.2622622622622623,-17768,170,14985,3.225274392402202,3.696552443387321,0.05900727777802583
2.2722722722722724,-17772,15,14979,3.225274392402202,3.696552443387321,0.05900727777802583
2.2822822822822824,-17774,-140,14974,3.225274392402202,3.696552443387321,0.05900727777802583
2.2922922922922924,-17774,-295,14970,3.225274392402202,3.696552443387321,0.05900727777802583
2.3023023023023024,-17772,-451,14965,3.225274392402202,3.696552443387321,0.05900727777802583
2.3123123123123124,-17769,-607,14961,3.225274392402202,3.696552443387321,0.05900727777802583
2.3223223223223224,-17764,-764,14957,3.225274392402202,3.696552443387321,0.05900727777802583
2.3323323323323324,-17757,-921,14954,3.225274392402202,3.696552443387321,0.05900727777802583
2.3423423423423424,-17748,-1078,14951,3.225274392402202,3.696552443387321,0.05900727777802583
2.3523523523523524,-17738,-1235,14948,3.225274392402202,3.696552443387321,0.05900727777802583
2.3623623623623624,-17725,-1393,14946,3.225274392402202,3.696552443387321,0.05900727777802583
2.3723723723723724,-17711,-1550,14944,3.225274392402202,3.696552443387321,0.05900727777802583
2.3823823823823824,-17695,-1708,14942,3.225274392402202,3.696552443387321,0.05900727777802583
2.3923923923923924,-17678,-1866,14941,3.225274392402202,3.696552443387321,0.05900727777802583
2.4024024024024024,-17658,-2025,14940,3.225274392402202,3.696552443387321,0.05900727777802583
2.4124124124124124,-17637,-2183,14940,3.225274392402202,3.696552443387321,0.05900727777802583
2.4224224224224224,-17613,-2341,14940,3.225274392402202,3.696552443387321,0.05900727777802583
2.4324324324324325,-17588,-2500,14940,3.225274392402202,3.696552443387321,0.05900727777802583
2.4424424424424425,-17561,-2659,14940,3.225274392402202,3.696552443387321,0.05900727777802583
2.4524524524524525,-17533,-2817,14941,3.225274392402202,3.696552443387321,0.05900727777802583
2.4624624624624625,-17502,-2976,14942,3.225274392402202,3.696552443387321,0.05900727777802583
2.4724724724724725,-17470,-3135,14944,3.225274392402202,3.696552443387321,0.05900727777802583
2.4824824824824825,-17436,-3294,14946,3.225274392402202,3.696552443387321,0.05900727777802583
2.4924924924924925,-17400,-3453,14948,3.225274392402202,3.696552443387321,0.05900727777802583
2.5025025025025025,-17362,-3612,14951,3.225274392402202,3.696552443387321,0.05900727777802583
2.5125125125125125,-17322,-3770,14954,3.225274392402202,3.696552443387321,0.05900727777802583
2.5225225225225225,-17281,-3929,14957,3.225274392402202,3.696552443387321,0.05900727777802583
2.5325325325325325,-17238,-4088,14961,3.225274392402202,3.696552443387321,0.05900727777802583
2.5425425425425425,-17193,-4247,14965,3.225274392402202,3.696552443387321,0.05900727777802583
2.5525525525525525,-17146,-4405,14970,3.225274392402202,3.696552443387321,0.05900727777802583
2.5625625625625625,-17097,-4564,14975,3.225274392402202,3.696552443387321,0.05900727777802583
2.5725725725725725,-17047,-4722,14980,3.225274392402202,3.696552443387321,0.05900727777802583
2.5825825825825826,-16994,-4881,14985,3.225274392402202,3.696552443387321,0.05900727777802583
2.5925925925925926,-16940,-5039,14991,3.225274392402202,3.696552443387321,0.05900727777802583
2.6026026026026026,-16884,-5197,14998,3.225274392402202,3.696552443387321,0.05900727777802583
2.6126126126126126,-16826,-5354,15004,3.225274392402202,3.696552443387321,0.05900727777802583
2.6226226226226226,-16767,-5512,15011,3.225274392402202,3.696552443387321,0.05900727777802583
2.6326326326326326,-16705,-5669,15019,3.225274392402202,3.696552443387321,0.05900727777802583
2.6426426426426426,-16642,-5827,15026,3.225274392402202,3.696552443387321,0.05900727777802583
2.6526526526526526,-16577,-5983,15034,3.225274392402202,3.696552443387321,0.05900727777802583
2.6626626626626626,-16510,-6140,15043,3.225274392402202,3.696552443387321,0.05900727777802583
2.6726726726726726,-16442,-6296,15052,3.225274392402202,3.696552443387321,0.05900727777802583
2.6826826826826826,-16371,-6453,15061,3.225274392402202,3.696552443387321,0.05900727777802583
2.6926926926926926,-16299,-6608,15071,3.225274392402202,3.696552443387321,0.05900727777802583
2.7027027027027026,-16225,-6764,15081,3.225274392402202,3.696552443387321,0.05900727777802583
2.7127127127127126,-16149,-6919,15091,3.225274392402202,3.696552443387321,0.05900727777802583
2.7227227227227226,-16072,-7073,15102,3.225274392402202,3.696552443387321,0.05900727777802583
2.7327327327327327,-15993,-7228,15113,3.225274392402202,3.696552443387321,0.05900727777802583
2.7427427427427427,-15912,-7382,15124,3.225274392402202,3.696552443387321,0.05900727777802583
2.7527527527527527,-15829,-7535,15136,3.225274392402202,3.696552443387321,0.05900727777802583
2.7627627627627627,-15744,-7688,15148,3.225274392402202,3.696552443387321,0.05900727777802583
2.7727727727727727,-15658,-7841,15161,3.225274392402202,3.696552443387321,0.05900727777802583
2.7827827827827827,-15570,-7993,15174,3.225274392402202,3.696552443387321,0.05900727777802583
2.7927927927927927,-15480,-8145,15187,3.225274392402202,3.696552443387321,0.05900727777802583
2.8028028028028027,-15389,-8296,15201,3.225274392402202,3.696552443387321,0.05900727777802583
2.8128128128128127,-15295,-8447,15215,3.225274392402202,3.696552443387321,0.05900727777802583
2.8228228228228227,-15200,-8597,15229,3.225274392402202,3.696552443387321,0.05900727777802583
2.8328328328328327,-15104,-8747,15244,3.225274392402202,3.696552443387321,0.05900727777802583
2.8428428428428427,-15005,-8896,15259,3.225274392402202,3.696552443387321,0.05900727777802583
2.8528528528528527,-14905,-9045,15275,3.225274392402202,3.696552443387321,0.05900727777802583
2.8628628628628627,-14803,-9193,15291,3.225274392402202,3.696552443387321,0.05900727777802583
2.8728728728728727,-14700,-9340,15307,3.225274392402202,3.696552443387321,0.05900727777802583
2.8828828828828827,-14594,-9487,15324,3.225274392402202,3.696552443387321,0.05900727777802583
2.8928928928928928,-14488,-9633,15341,3.225274392402202,3.696552443387321,0.05900727777802583
2.9029029029029028,-14379,-9779,15359,3.225274392402202,3.696552443387321,0.05900727777802583
2.9129129129129128,-14269,-9923,15377,3.225274392402202,3.696552443387321,0.05900727777802583
2.9229229229229228,-14157,-10068,15395,3.225274392402202,3.696552443387321,0.05900727777802583
2.932932932932933,-14043,-10211,15414,3.225274392402202,3.696552443387321,0.05900727777802583
2.942942942942943,-13928,-10354,15433,3.225274392402202,3.696552443387321,0.05900727777802583
2.952952952952953,-13812,-10496,15452,3.225274392402202,3.696552443387321,0.05900727777802583
2.962962962962963,-13693,-10637,15472,3.225274392402202,3.696552443387321,0.05900727777802583
2.972972972972973,-13573,-10778,15493,3.225274392402202,3.696552443387321,0.05900727777802583
2.982982982982983,-13452,-10917,15513,3.225274392402202,3.696552443387321,0.05900727777802583
2.992992992992993,-13328,-11056,15535,3.225274392402202,3.696552443387321,0.05900727777802583
3.003003003003003,-13204,-11194,15556,3.225274392402202,3.696552443387321,0.05900727777802583
3.013013013013013,-13077,-11332,15578,3.225274392402202,3.696552443387321,0.05900727777802583
3.023023023023023,-12949,-11468,15600,3.225274392402202,3.696552443387321,0.05900727777802583
3.033033033033033,-12820,-11604,15623,3.225274392402202,3.696552443387321,0.05900727777802583
3.043043043043043,-12689,-11739,15646,3.225274392402202,3.696552443387321,0.05900727777802583
3.053053053053053,-12556,-11873,15670,3.225274392402202,3.696552443387321,0.05900727777802583
3.063063063063063,-12422,-12005,15694,3.225274392402202,3.696552443387321,0.05900727777802583
3.073073073073073,-12286,-12138,15718,3.225274392402202,3.696552443387321,0.05900727777802583
3.083083083083083,-12149,-12269,15743,3.225274392402202,3.696552443387321,0.05900727777802583
3.093093093093093,-12011,-12399,15768,3.225274392402202,3.696552443387321,0.05900727777802583
3.103103103103103,-11870,-12528,15794,3.225274392402202,3.696552443387321,0.05900727777802583
3.113113113113113,-11729,-12656,15820,3.225274392402202,3.696552443387321,0.05900727777802583
3.123123123123123,-11586,-12784,15846,3.225274392402202,3.696552443387321,0.05900727777802583
3.133133133133133,-11441,-12910,15873,3.225274392402202,3.696552443387321,0.05900727777802583
3.143143143143143,-11295,-13035,15900,3.225274392402202,3.696552443387321,0.05900727777802583
3.153153153153153,-11148,-13160,15928,3.225274392402202,3.696552443387321,0.05900727777802583
3.163163163163163,-10999,-13283,15956,3.225274392402202,3.696552443387321,0.05900727777802583
3.173173173173173,-10849,-13405,15985,3.225274392402202,3.696552443387321,0.05900727777802583
3.183183183183183,-10698,-13526,16014,3.225274392402202,3.696552443387321,0.05900727777802583
3.193193193193193,-10545,-13646,16043,3.225274392402202,3.696552443387321,0.05900727777802583
3.203203203203203,-10390,-13765,16073,3.225274392402202,3.696552443387321,0.05900727777802583
3.2132132132132134,-10235,-13882,16103,3.225274392402202,3.696552443387321,0.05900727777802583
3.2232232232232234,-10078,-13999,16134,3.225274392402202,3.696552443387321,0.05900727777802583
3.2332332332332334,-9919,-14115,16165,3.225274392402202,3.696552443387321,0.05900727777802583
3.2432432432432434,-9760,-14229,16197,3.225274392402202,3.696552443387321,0.05900727777802583
3.2532532532532534,-9599,-14342,16229,3.225274392402202,3.696552443387321,0.05900727777802583
3.2632632632632634,-9437,-14454,16261,3.225274392402202,3.696552443387321,0.05900727777802583
3.2732732732732734,-9273,-14565,16294,3.225274392402202,3.696552443387321,0.05900727777802583
3.2832832832832834,-9108,-14674,16327,3.225274392402202,3.696552443387321,0.05900727777802583
3.2932932932932935,-8942,-14783,16361,3.225274392402202,3.696552443387321,0.05900727777802583
3.3033033033033035,-8775,-14890,16395,3.225274392402202,3.696552443387321,0.05900727777802583
3.3133133133133135,-8607,-14996,16430,3.225274392402202,3.696552443387321,0.05900727777802583
3.3233233233233235,-8437,-15100,16465,3.225274392402202,3.696552443387321,0.05900727777802583
3.3333333333333335,-8266,-15203,16501,3.225274392402202,3.696552443387321,0.05900727777802583
3.3433433433433435,-8094,-15305,16537,3.225274392402202,3.696552443387321,0.05900727777802583
3.3533533533533535,-7921,-15406,16573,3.225274392402202,3.696552443387321,0.05900727777802583
3.3633633633633635,-7747,-15505,16610,3.225274392402202,3.696552443387321,0.05900727777802583
3.3733733733733735,-7571,-15603,16648,3.225274392402202,3.696552443387321,0.05900727777802583
3.3833833833833835,-7395,-15700,16685,3.225274392402202,3.696552443387321,0.05900727777802583
3.3933933933933935,-7217,-15795,16724,3.225274392402202,3.696552443387321,0.05900727777802583
3.4034034034034035,-7039,-15889,16763,3.225274392402202,3.696552443387321,0.05900727777802583
3.4134134134134135,-6859,-15982,16802,3.225274392402202,3.696552443387321,0.05900727777802583
3.4234234234234235,-6678,-16073,16841,3.225274392402202,3.696552443387321,0.05900727777802583
3.4334334334334335,-6496,-16163,16882,3.225274392402202,3.696552443387321,0.05900727777802583
3.4434434434434436,-6313,-16251,16922,3.225274392402202,3.696552443387321,0.05900727777802583
3.4534534534534536,-6130,-16338,16963,3.225274392402202,3.696552443387321,0.05900727777802583
3.4634634634634636,-5945,-16424,17005,3.225274392402202,3.696552443387321,0.05900727777802583
3.4734734734734736,-5759,-16508,17047,3.225274392402202,3.696552443387321,0.05900727777802583
3.4834834834834836,-5572,-16591,17090,3.225274392402202,3.696552443387321,0.05900727777802583
3.4934934934934936,-5384,-16672,17133,3.225274392402202,3.696552443387321,0.05900727777802583
3.5035035035035036,-5196,-16751,17176,3.225274392402202,3.696552443387321,0.05900727777802583
3.5135135135135136,-5006,-16830,17220,3.225274392402202,3.696552443387321,0.05900727777802583
3.5235235235235236,-4816,-16906,17265,3.225274392402202,3.696552443387321,0.05900727777802583
3.5335335335335336,-4625,-16981,17309,3.225274392402202,3.696552443387321,0.05900727777802583
3.5435435435435436,-4433,-17055,17355,3.225274392402202,3.696552443387321,0.05900727777802583
3.5535535535535536,-4240,-17127,17401,3.225274392402202,3.696552443387321,0.05900727777802583
3.5635635635635636,-4046,-17198,17447,3.225274392402202,3.696552443387321,0.05900727777802583
3.5735735735735736,-3852,-17267,17494,3.225274392402202,3.696552443387321,0.05900727777802583
3.5835835835835836,-3656,-17334,17541,3.225274392402202,3.696552443387321,0.05900727777802583
3.5935935935935936,-3460,-17400,17589,3.225274392402202,3.696552443387321,0.05900727777802583
3.6036036036036037,-3263,-17464,17638,3.225274392402202,3.696552443387321,0.05900727777802583
3.6136136136136137,-3066,-17527,17687,3.225274392402202,3.696552443387321,0.05900727777802583
3.6236236236236237,-2868,-17588,17736,3.225274392402202,3.696552443387321,0.05900727777802583
3.6336336336336337,-2669,-17647,17786,3.225274392402202,3.696552443387321,0.05900727777802583
3.6436436436436437,-2469,-17705,17836,3.225274392402202,3.696552443387321,0.05900727777802583
3.6536536536536537,-2269,-17762,17887,3.225274392402202,3.696552443387321,0.05900727777802583
3.6636636636636637,-2068,-17816,17938,3.225274392402202,3.696552443387321,0.05900727777802583
3.6736736736736737,-1867,-17869,17990,3.225274392402202,3.696552443387321,0.05900727777802583
3.6836836836836837,-1665,-17920,18043,3.225274392402202,3.696552443387321,0.05900727777802583
3.6936936936936937,-1462,-17970,18095,3.225274392402202,3.696552443387321,0.05900727777802583
3.7037037037037037,-1259,-18018,18149,3.225274392402202,3.696552443387321,0.05900727777802583
3.7137137137137137,-1056,-18064,18203,3.225274392402202,3.696552443387321,0.05900727777802583
3.7237237237237237,-851,-18109,18257,3.225274392402202,3.696552443387321,0.05900727777802583
3.7337337337337337,-647,-18151,18312,3.225274392402202,3.696552443387321,0.05900727777802583
3.7437437437437437,-442,-18192,18368,3.225274392402202,3.696552443387321,0.05900727777802583
3.7537537537537538,-236,-18232,18423,3.225274392402202,3.696552443387321,0.05900727777802583
3.7637637637637638,-30,-18270,18480,3.225274392402202,3.696552443387321,0.05900727777802583
3.7737737737737738,175,-18306,18537,3.225274392402202,3.696552443387321,0.05900727777802583
3.7837837837837838,382,-18340,18594,3.225274392402202,3.696552443387321,0.05900727777802583
3.793793793793794,589,-18372,18652,3.225274392402202,3.696552443387321,0.05900727777802583
3.803803803803804,797,-18403,18711,3.225274392402202,3.696552443387321,0.05900727777802583
3.813813813813814,1005,-18432,18770,3.225274392402202,3.696552443387321,0.05900727777802583
3.823823823823824,1213,-18459,18830,3.225274392402202,3.696552443387321,0.05900727777802583
3.833833833833834,1421,-18485,18890,3.225274392402202,3.696552443387321,0.05900727777802583
3.843843843843844,1630,-18509,18950,3.225274392402202,3.696552443387321,0.05900727777802583
3.853853853853854,1839,-18530,19012,3.225274392402202,3.696552443387321,0.05900727777802583
3.863863863863864,2048,-18551,19073,3.225274392402202,3.696552443387321,0.05900727777802583
3.873873873873874,2258,-18569,19135,3.225274392402202,3.696552443387321,0.05900727777802583
3.883883883883884,2468,-18585,19198,3.225274392402202,3.696552443387321,0.05900727777802583
3.893893893893894,2677,-18600,19261,3.225274392402202,3.696552443387321,0.05900727777802583
3.903903903903904,2887,-18613,19325,3.225274392402202,3.696552443387321,0.05900727777802583
3.913913913913914,3097,-18624,19389,3.225274392402202,3.696552443387321,0.05900727777802583
3.923923923923924,3307,-18634,19454,3.225274392402202,3.696552443387321,0.05900727777802583
3.933933933933934,3518,-18641,19520,3.225274392402202,3.696552443387321,0.05900727777802583
3.943943943943944,3728,-18647,19586,3.225274392402202,3.696552443387321,0.05900727777802583
3.953953953953954,3938,-18651,19652,3.225274392402202,3.696552443387321,0.05900727777802583
3.963963963963964,4149,-18653,19719,3.225274392402202,3.696552443387321,0.05900727777802583
3.973973973973974,4359,-18653,19786,3.225274392402202,3.696552443387321,0.05900727777802583
3.983983983983984,4570,-18651,19854,3.225274392402202,3.696552443387321,0.05900727777802583
3.993993993993994,4780,-18648,19923,3.225274392402202,3.696552443387321,0.05900727777802583
4.004004004004004,4990,-18642,19992,3.225274392402202,3.696552443387321,0.05900727777802583
4.014014014014014,5200,-18635,20062,3.225274392402202,3.696552443387321,0.05900727777802583
4.024024024024024,5410,-18626,20132,3.225274392402202,3.696552443387321,0.05900727777802583
4.034034034034034,5620,-18615,20202,3.225274392402202,3.696552443387321,0.05900727777802583
4.044044044044044,5830,-18603,20273,3.225274392402202,3.696552443387321,0.05900727777802583
4.054054054054054,6040,-18588,20345,3.225274392402202,3.696552443387321,0.05900727777802583
4.064064064064064,6249,-18571,20417,3.225274392402202,3.696552443387321,0.05900727777802583
4.074074074074074,6458,-18553,20490,3.225274392402202,3.696552443387321,0.05900727777802583
4.084084084084084,6667,-18533,20563,3.225274392402202,3.696552443387321,0.05900727777802583
4.094094094094094,6876,-18511,20637,3.225274392402202,3.696552443387321,0.05900727777802583
4.104104104104104,7085,-18487,20711,3.225274392402202,3.696552443387321,0.05900727777802583
4.114114114114114,7293,-18461,20786,3.225274392402202,3.696552443387321,0.05900727777802583
4.124124124124124,7501,-18433,20861,3.225274392402202,3.696552443387321,0.05900727777802583
4.134134134134134,7708,-18404,20937,3.225274392402202,3.696552443387321,0.05900727777802583
4.1441441441441444,7915,-18372,21014,3.225274392402202,3.696552443387321,0.05900727777802583
4.1541541541541545,8122,-18339,21091,3.225274392402202,3.696552443387321,0.05900727777802583
4.1641641641641645,8328,-18304,21168,3.225274392402202,3.696552443387321,0.05900727777802583
4.1741741741741745,8534,-18267,21246,3.225274392402202,3.696552443387321,0.05900727777802583
4.1841841841841845,8740,-18228,21324,3.225274392402202,3.696552443387321,0.05900727777802583
4.1941941941941945,8945,-18187,21403,3.225274392402202,3.696552443387321,0.05900727777802583
4.2042042042042045,9149,-18145,21482,3.225274392402202,3.696552443387321,0.05900727777802583
4.2142142142142145,9353,-18100,21562,3.225274392402202,3.696552443387321,0.05900727777802583
4.2242242242242245,9557,-18054,21643,3.225274392402202,3.696552443387321,0.05900727777802583
4.2342342342342345,9759,-18005,21724,3.225274392402202,3.696552443387321,0.05900727777802583
4.2442442442442445,9962,-17955,21805,3.225274392402202,3.696552443387321,0.05900727777802583
4.2542542542542545,10163,-17903,21887,3.225274392402202,3.696552443387321,0.05900727777802583
4.2642642642642645,10365,-17850,21969,3.225274392402202,3.696552443387321,0.05900727777802583
4.2742742742742745,10565,-17794,22052,3.225274392402202,3.696552443387321,0.05900727777802583
4.2842842842842845,10765,-17736,22135,3.225274392402202,3.696552443387321,0.05900727777802583
4.2942942942942945,10964,-17677,22219,3.225274392402202,3.696552443387321,0.05900727777802583
4.3043043043043046,11162,-17615,22303,3.225274392402202,3.696552443387321,0.05900727777802583
4.314314314314315,11360,-17552,22388,3.225274392402202,3.696552443387321,0.05900727777802583
4.324324324324325,11557,-17487,22473,3.225274392402202,3.696552443387321,0.05900727777802583
4.334334334334335,11753,-17420,22559,3.225274392402202,3.696552443387321,0.05900727777802583
4.344344344344345,11948,-17352,22645,3.225274392402202,3.696552443387321,0.05900727777802583
4.354354354354355,12143,-17281,22731,3.225274392402202,3.696552443387321,0.05900727777802583
4.364364364364365,12336,-17209,22818,3.225274392402202,3.696552443387321,0.05900727777802583
4.374374374374375,12529,-17135,22905,3.225274392402202,3.696552443387321,0.05900727777802583
4.384384384384385,12721,-17059,22993,3.225274392402202,3.696552443387321,0.05900727777802583
4.394394394394395,12912,-16981,23081,3.225274392402202,3.696552443387321,0.05900727777802583
4.404404404404405,13102,-16901,23170,3.225274392402202,3.696552443387321,0.05900727777802583
4.414414414414415,13292,-16820,23259,3.225274392402202,3.696552443387321,0.05900727777802583
4.424424424424425,13480,-16736,23348,3.225274392402202,3.696552443387321,0.05900727777802583
4.434434434434435,13667,-16651,23438,3.225274392402202,3.696552443387321,0.05900727777802583
4.444444444444445,13853,-16564,23528,3.225274392402202,3.696552443387321,0.05900727777802583
4.454454454454455,14038,-16475,23619,3.225274392402202,3.696552443387321,0.05900727777802583
4.464464464464465,14223,-16385,23710,3.225274392402202,3.696552443387321,0.05900727777802583
4.474474474474475,14406,-16293,23801,3.225274392402202,3.696552443387321,0.05900727777802583
4.484484484484485,14588,-16198,23893,3.225274392402202,3.696552443387321,0.05900727777802583
4.494494494494495,14769,-16103,23985,3.225274392402202,3.696552443387321,0.05900727777802583
4.504504504504505,14948,-16005,24077,3.225274392402202,3.696552443387321,0.05900727777802583
4.514514514514515,15127,-15906,24170,3.225274392402202,3.696552443387321,0.05900727777802583
4.524524524524525,15305,-15804,24263,3.225274392402202,3.696552443387321,0.05900727777802583
4.534534534534535,15481,-15702,24357,3.225274392402202,3.696552443387321,0.05900727777802583
4.544544544544545,15656,-15597,24450,3.225274392402202,3.696552443387321,0.05900727777802583
4.554554554554555,15830,-15490,24544,3.225274392402202,3.696552443387321,0.05900727777802583
4.564564564564565,16002,-15382,24638,3.225274392402202,3.696552443387321,0.05900727777802583
4.574574574574575,16174,-15273,24733,3.225274392402202,3.696552443387321,0.05900727777802583
4.584584584584585,16344,-15161,24828,3.225274392402202,3.696552443387321,0.05900727777802583
4.594594594594595,16513,-15048,24923,3.225274392402202,3.696552443387321,0.05900727777802583
4.604604604604605,16680,-14933,25018,3.225274392402202,3.696552443387321,0.05900727777802583
4.614614614614615,16846,-14816,25114,3.225274392402202,3.696552443387321,0.05900727777802583
4.624624624624625,17011,-14698,25209,3.225274392402202,3.696552443387321,0.05900727777802583
4.634634634634635,17174,-14578,25305,3.225274392402202,3.696552443387321,0.05900727777802583
4.644644644644645,17336,-14456,25401,3.225274392402202,3.696552443387321,0.05900727777802583
4.654654654654655,17496,-14333,25498,3.225274392402202,3.696552443387321,0.05900727777802583
4.664664664664665,17655,-14208,25594,3.225274392402202,3.696552443387321,0.05900727777802583
4.674674674674675,17813,-14081,25691,3.225274392402202,3.696552443387321,0.05900727777802583
4.684684684684685,17969,-13953,25788,3.225274392402202,3.696552443387321,0.05900727777802583
4.694694694694695,18124,-13823,25885,3.225274392402202,3.696552443387321,0.05900727777802583
4.704704704704705,18277,-13692,25982,3.225274392402202,3.696552443387321,0.05900727777802583
4.714714714714715,18428,-13559,26079,3.225274392402202,3.696552443387321,0.05900727777802583
4.724724724724725,18578,-13424,26176,3.225274392402202,3.696552443387321,0.05900727777802583
4.734734734734735,18727,-13288,26274,3.225274392402202,3.696552443387321,0.05900727777802583
4.744744744744745,18874,-13150,26371,3.225274392402202,3.696552443387321,0.05900727777802583
4.754754754754755,19019,-13011,26469,3.225274392402202,3.696552443387321,0.05900727777802583
4.764764764764765,19163,-12870,26566,3.225274392402202,3.696552443387321,0.05900727777802583
4.774774774774775,19305,-12728,26664,3.225274392402202,3.696552443387321,0.05900727777802583
4.784784784784785,19445,-12584,26761,3.225274392402202,3.696552443387321,0.05900727777802583
4.794794794794795,19584,-12439,26859,3.225274392402202,3.696552443387321,0.05900727777802583
4.804804804804805,19720,-12292,26956,3.225274392402202,3.696552443387321,0.05900727777802583
4.814814814814815,19856,-12143,27054,3.225274392402202,3.696552443387321,0.05900727777802583
4.824824824824825,19989,-11994,27151,3.225274392402202,3.696552443387321,0.05900727777802583
4.834834834834835,20121,-11842,27248,3.225274392402202,3.696552443387321,0.05900727777802583
4.844844844844845,20251,-11690,27345,3.225274392402202,3.696552443387321,0.05900727777802583
4.854854854854855,20379,-11535,27442,3.225274392402202,3.696552443387321,0.05900727777802583
4.864864864864865,20506,-11380,27539,3.225274392402202,3.696552443387321,0.05900727777802583
4.874874874874875,20630,-11223,27636,3.225274392402202,3.696552443387321,0.05900727777802583
4.884884884884885,20753,-11064,27733,3.225274392402202,3.696552443387321,0.05900727777802583
4.894894894894895,20874,-10905,27829,3.225274392402202,3.696552443387321,0.05900727777802583
4.904904904904905,20993,-10743,27925,3.225274392402202,3.696552443387321,0.05900727777802583
4.914914914914915,21110,-10581,28021,3.225274392402202,3.696552443387321,0.05900727777802583
4.924924924924925,21226,-10417,28117,3.225274392402202,3.696552443387321,0.05900727777802583
4.934934934934935,21339,-10252,28212,3.225274392402202,3.696552443387321,0.05900727777802583
4.944944944944945,21450,-10085,28307,3.225274392402202,3.696552443387321,0.05900727777802583
4.954954954954955,21560,-9918,28402,3.225274392402202,3.696552443387321,0.05900727777802583
4.964964964964965,21668,-9748,28496,3.225274392402202,3.696552443387321,0.05900727777802583
4.974974974974975,21773,-9578,28590,3.225274392402202,3.696552443387321,0.05900727777802583
4.984984984984985,21877,-9406,28684,3.225274392402202,3.696552443387321,0.05900727777802583
4.994994994994995,21979,-9234,28777,3.225274392402202,3.696552443387321,0.05900727777802583
5.005005005005005,22078,-9060,28869,3.225274392402202,3.696552443387321,0.05900727777802583
5.015015015015015,22176,-8884,28962,3.225274392402202,3.696552443387321,0.05900727777802583
5.025025025025025,22271,-8708,29054,3.225274392402202,3.696552443387321,0.05900727777802583
5.035035035035035,22365,-8530,29145,3.225274392402202,3.696552443387321,0.05900727777802583
5.045045045045045,22457,-8351,29236,3.225274392402202,3.696552443387321,0.05900727777802583
5.055055055055055,22546,-8171,29326,3.225274392402202,3.696552443387321,0.05900727777802583
5.065065065065065,22633,-7990,29415,3.225274392402202,3.696552443387321,0.05900727777802583
5.075075075075075,22719,-7808,29504,3.225274392402202,3.696552443387321,0.05900727777802583
5.085085085085085,22802,-7625,29593,3.225274392402202,3.696552443387321,0.05900727777802583
5.095095095095095,22883,-7440,29681,3.225274392402202,3.696552443387321,0.05900727777802583
5.105105105105105,22962,-7255,29768,3.225274392402202,3.696552443387321,0.05900727777802583
5.115115115115115,23038,-7068,29854,3.225274392402202,3.696552443387321,0.05900727777802583
5.125125125125125,23113,-6880,29940,3.225274392402202,3.696552443387321,0.05900727777802583
5.135135135135135,23185,-6692,30025,3.225274392402202,3.696552443387321,0.05900727777802583
5.145145145145145,23255,-6502,30109,3.225274392402202,3.696552443387321,0.05900727777802583
5.155155155155155,23323,-6312,30192,3.225274392402202,3.696552443387321,0.05900727777802583
5.165165165165165,23389,-6120,30274,3.225274392402202,3.696552443387321,0.05900727777802583
5.175175175175175,23453,-5928,30356,3.225274392402202,3.696552443387321,0.05900727777802583
5.185185185185185,23514,-5734,30437,3.225274392402202,3.696552443387321,0.05900727777802583
5.195195195195195,23573,-5540,30516,3.225274392402202,3.696552443387321,0.05900727777802583
5.205205205205205,23630,-5345,30595,3.225274392402202,3.696552443387321,0.05900727777802583
5.215215215215215,23685,-5149,30673,3.225274392402202,3.696552443387321,0.05900727777802583
5.225225225225225,23737,-4952,30750,3.225274392402202,3.696552443387321,0.05900727777802583
5.235235235235235,23787,-4754,30826,3.225274392402202,3.696552443387321,0.05900727777802583
5.245245245245245,23835,-4555,30901,3.225274392402202,3.696552443387321,0.05900727777802583
5.255255255255255,23880,-4356,30975,3.225274392402202,3.696552443387321,0.05900727777802583
5.265265265265265,23923,-4155,31047,3.225274392402202,3.696552443387321,0.05900727777802583
5.275275275275275,23964,-3954,31119,3.225274392402202,3.696552443387321,0.05900727777802583
5.285285285285285,24003,-3753,31189,3.225274392402202,3.696552443387321,0.05900727777802583
5.295295295295295,24039,-3550,31258,3.225274392402202,3.696552443387321,0.05900727777802583
5.305305305305305,24073,-3347,31326,3.225274392402202,3.696552443387321,0.05900727777802583
5.315315315315315,24104,-3143,31393,3.225274392402202,3.696552443387321,0.05900727777802583
5.325325325325325,24133,-2938,31458,3.225274392402202,3.696552443387321,0.05900727777802583
5.335335335335335,24160,-2733,31523,3.225274392402202,3.696552443387321,0.05900727777802583
5.345345345345345,24184,-2527,31585,3.225274392402202,3.696552443387321,0.05900727777802583
5.355355355355355,24206,-2321,31647,3.225274392402202,3.696552443387321,0.05900727777802583
5.365365365365365,24226,-2114,31707,3.225274392402202,3.696552443387321,0.05900727777802583
5.375375375375375,24243,-1906,31766,3.225274392402202,3.696552443387321,0.05900727777802583
5.385385385385385,24258,-1698,31823,3.225274392402202,3.696552443387321,0.05900727777802583
5.395395395395395,24271,-1489,31879,3.225274392402202,3.696552443387321,0.05900727777802583
5.405405405405405,24281,-1280,31933,3.225274392402202,3.696552443387321,0.05900727777802583
5.415415415415415,24288,-1070,31986,3.225274392402202,3.696552443387321,0.05900727777802583
5.425425425425425,24294,-860,32038,3.225274392402202,3.696552443387321,0.05900727777802583
5.435435435435435,24296,-649,32088,3.225274392402202,3.696552443387321,0.05900727777802583
5.445445445445445,24297,-438,32136,3.225274392402202,3.696552443387321,0.05900727777802583
5.455455455455455,24295,-227,32182,3.225274392402202,3.696552443387321,0.05900727777802583
5.465465465465465,24290,-15,32227,3.225274392402202,3.696552443387321,0.05900727777802583
5.475475475475475,24283,197,32271,3.225274392402202,3.696552443387321,0.05900727777802583
5.485485485485485,24274,409,32313,3.225274392402202,3.696552443387321,0.05900727777802583
5.495495495495495,24262,622,32353,3.225274392402202,3.696552443387321,0.05900727777802583
5.505505505505505,24248,835,32391,3.225274392402202,3.696552443387321,0.05900727777802583
5.515515515515515,24231,1049,32427,3.225274392402202,3.696552443387321,0.05900727777802583
5.525525525525525,24212,1263,32462,3.225274392402202,3.696552443387321,0.05900727777802583
5.535535535535535,24190,1477,32495,3.225274392402202,3.696552443387321,0.05900727777802583
5.545545545545545,24166,1691,32527,3.225274392402202,3.696552443387321,0.05900727777802583
5.555555555555555,24139,1906,32556,3.225274392402202,3.696552443387321,0.05900727777802583
5.565565565565565,24110,2121,32583,3.225274392402202,3.696552443387321,0.05900727777802583
5.575575575575575,24079,2336,32609,3.225274392402202,3.696552443387321,0.05900727777802583
5.585585585585585,24045,2551,32633,3.225274392402202,3.696552443387321,0.05900727777802583
5.595595595595595,24008,2766,32655,3.225274392402202,3.696552443387321,0.05900727777802583
5.605605605605605,23969,2981,32675,3.225274392402202,3.696552443387321,0.05900727777802583
5.615615615615615,23928,3196,32693,3.225274392402202,3.696552443387321,0.05900727777802583
5.625625625625625,23884,3412,32709,3.225274392402202,3.696552443387321,0.05900727777802583
5.635635635635635,23838,3627,32723,3.225274392402202,3.696552443387321,0.05900727777802583
5.645645645645645,23789,3843,32736,3.225274392402202,3.696552443387321,0.05900727777802583
5.655655655655655,23737,4058,32746,3.225274392402202,3.696552443387321,0.05900727777802583
5.665665665665665,23684,4274,32754,3.225274392402202,3.696552443387321,0.05900727777802583
5.675675675675675,23627,4489,32760,3.225274392402202,3.696552443387321,0.05900727777802583
5.685685685685685,23569,4704,32764,3.225274392402202,3.696552443387321,0.05900727777802583
5.6956956956956954,23507,4920,32766,3.225274392402202,3.696552443387321,0.05900727777802583
5.7057057057057055,23444,5135,32767,3.225274392402202,3.696552443387321,0.05900727777802583
5.7157157157157155,23378,5350,32764,3.225274392402202,3.696552443387321,0.05900727777802583
5.7257257257257255,23309,5564,32760,3.225274392402202,3.696552443387321,0.05900727777802583
5.7357357357357355,23238,5779,32754,3.225274392402202,3.696552443387321,0.05900727777802583
5.7457457457457455,23164,5993,32746,3.225274392402202,3.696552443387321,0.05900727777802583
5.7557557557557555,23088,6208,32736,3.225274392402202,3.696552443387321,0.05900727777802583
5.7657657657657655,23010,6422,32723,3.225274392402202,3.696552443387321,0.05900727777802583
5.7757757757757755,22929,6635,32709,3.225274392402202,3.696552443387321,0.05900727777802583
5.7857857857857855,22846,6849,32692,3.225274392402202,3.696552443387321,0.05900727777802583
5.7957957957957955,22760,7062,32673,3.225274392402202,3.696552443387321,0.05900727777802583
5.8058058058058055,22672,7275,32652,3.225274392402202,3.696552443387321,0.05900727777802583
5.8158158158158155,22581,7487,32629,3.225274392402202,3.696552443387321,0.05900727777802583
5.8258258258258255,22488,7699,32604,3.225274392402202,3.696552443387321,0.05900727777802583
5.8358358358358355,22392,7911,32577,3.225274392402202,3.696552443387321,0.05900727777802583
5.8458458458458455,22294,8122,32548,3.225274392402202,3.696552443387321,0.05900727777802583
5.8558558558558556,22194,8333,32516,3.225274392402202,3.696552443387321,0.05900727777802583
5.865865865865866,22091,8543,32483,3.225274392402202,3.696552443387321,0.05900727777802583
5.875875875875876,21986,8753,32447,3.225274392402202,3.696552443387321,0.05900727777802583
5.885885885885886,21879,8962,32409,3.225274392402202,3.696552443387321,0.05900727777802583
5.895895895895896,21769,9171,32369,3.225274392402202,3.696552443387321,0.05900727777802583
5.905905905905906,21656,9379,32327,3.225274392402202,3.696552443387321,0.05900727777802583
5.915915915915916,21542,9587,32283,3.225274392402202,3.696552443387321,0.05900727777802583
5.925925925925926,21424,9794,32237,3.225274392402202,3.696552443387321,0.05900727777802583
5.935935935935936,21305,10000,32189,3.225274392402202,3.696552443387321,0.05900727777802583
5.945945945945946,21183,10206,32139,3.225274392402202,3.696552443387321,0.05900727777802583
5.955955955955956,21059,10411,32087,3.225274392402202,3.696552443387321,0.05900727777802583
5.965965965965966,20933,10615,32032,3.225274392402202,3.696552443387321,0.05900727777802583
5.975975975975976,20804,10819,31976,3.225274392402202,3.696552443387321,0.05900727777802583
5.985985985985986,20673,11022,31918,3.225274392402202,3.696552443387321,0.05900727777802583
5.995995995995996,20539,11224,31857,3.225274392402202,3.696552443387321,0.05900727777802583
6.006006006006006,20403,11426,31795,3.225274392402202,3.696552443387321,0.05900727777802583
6.016016016016016,20265,11626,31731,3.225274392402202,3.696552443387321,0.05900727777802583
6.026026026026026,20125,11826,31665,3.225274392402202,3.696552443387321,0.05900727777802583
6.036036036036036,19982,12025,31597,3.225274392402202,3.696552443387321,0.05900727777802583
6.046046046046046,19837,12223,31527,3.225274392402202,3.696552443387321,0.05900727777802583
6.056056056056056,19690,12421,31455,3.225274392402202,3.696552443387321,0.05900727777802583
6.066066066066066,19541,12617,31381,3.225274392402202,3.696552443387321,0.05900727777802583
6.076076076076076,19389,12813,31306,3.225274392402202,3.696552443387321,0.05900727777802583
6.086086086086086,19235,13007,31228,3.225274392402202,3.696552443387321,0.05900727777802583
6.096096096096096,19079,13201,31149,3.225274392402202,3.696552443387321,0.05900727777802583
6.106106106106106,18921,13393,31068,3.225274392402202,3.696552443387321,0.05900727777802583
6.116116116116116,18761,13585,30986,3.225274392402202,3.696552443387321,0.05900727777802583
6.126126126126126,18598,13775,30902,3.225274392402202,3.696552443387321,0.05900727777802583
6.136136136136136,18433,13965,30816,3.225274392402202,3.696552443387321,0.05900727777802583
6.146146146146146,18266,14153,30728,3.225274392402202,3.696552443387321,0.05900727777802583
6.156156156156156,18097,14341,30639,3.225274392402202,3.696552443387321,0.05900727777802583
6.166166166166166,17926,14527,30548,3.225274392402202,3.696552443387321,0.05900727777802583
6.176176176176176,17753,14712,30455,3.225274392402202,3.696552443387321,0.05900727777802583
6.186186186186186,17577,14896,30361,3.225274392402202,3.696552443387321,0.05900727777802583
6.196196196196196,17400,15079,30266,3.225274392402202,3.696552443387321,0.05900727777802583
6.206206206206206,17220,15260,30169,3.225274392402202,3.696552443387321,0.05900727777802583
6.216216216216216,17039,15440,30070,3.225274392402202,3.696552443387321,0.05900727777802583
6.226226226226226,16855,15620,29970,3.225274392402202,3.696552443387321,0.05900727777802583
6.236236236236236,16669,15797,29869,3.225274392402202,3.696552443387321,0.05900727777802583
6.246246246246246,16482,15974,29766,3.225274392402202,3.696552443387321,0.05900727777802583
6.256256256256256,16292,16149,29662,3.225274392402202,3.696552443387321,0.05900727777802583
6.266266266266266,16100,16323,29557,3.225274392402202,3.696552443387321,0.05900727777802583
6.276276276276276,15906,16496,29451,3.225274392402202,3.696552443387321,0.05900727777802583
6.286286286286286,15711,16667,29343,3.225274392402202,3.696552443387321,0.05900727777802583
6.296296296296296,15513,16837,29234,3.225274392402202,3.696552443387321,0.05900727777802583
6.306306306306306,15314,17006,29124,3.225274392402202,3.696552443387321,0.05900727777802583
6.316316316316316,15112,17173,29013,3.225274392402202,3.696552443387321,0.05900727777802583
6.326326326326326,14909,17338,28901,3.225274392402202,3.696552443387321,0.05900727777802583
6.336336336336336,14704,17503,28788,3.225274392402202,3.696552443387321,0.05900727777802583
6.346346346346346,14497,17665,28673,3.225274392402202,3.696552443387321,0.05900727777802583
6.356356356356356,14288,17826,28558,3.225274392402202,3.696552443387321,0.05900727777802583
6.366366366366366,14077,17986,28442,3.225274392402202,3.696552443387321,0.05900727777802583
6.376376376376376,13865,18144,28325,3.225274392402202,3.696552443387321,0.05900727777802583
6.386386386386386,13651,18301,28207,3.225274392402202,3.696552443387321,0.05900727777802583
6.396396396396396,13435,18456,28088,3.225274392402202,3.696552443387321,0.05900727777802583
6.406406406406406,13217,18610,27969,3.225274392402202,3.696552443387321,0.05900727777802583
6.416416416416417,12998,18762,27849,3.225274392402202,3.696552443387321,0.05900727777802583
6.426426426426427,12776,18912,27728,3.225274392402202,3.696552443387321,0.05900727777802583
6.436436436436437,12553,19060,27606,3.225274392402202,3.696552443387321,0.05900727777802583
6.446446446446447,12329,19207,27484,3.225274392402202,3.696552443387321,0.05900727777802583
6.456456456456457,12103,19353,27361,3.225274392402202,3.696552443387321,0.05900727777802583
6.466466466466467,11875,19496,27237,3.225274392402202,3.696552443387321,0.05900727777802583
6.476476476476477,11645,19638,27113,3.225274392402202,3.696552443387321,0.05900727777802583
6.486486486486487,11414,19778,26989,3.225274392402202,3.696552443387321,0.05900727777802583
6.496496496496497,11182,19917,26864,3.225274392402202,3.696552443387321,0.05900727777802583
6.506506506506507,10947,20053,26739,3.225274392402202,3.696552443387321,0.05900727777802583
6.516516516516517,10712,20188,26613,3.225274392402202,3.696552443387321,0.05900727777802583
6.526526526526527,10474,20321,26487,3.225274392402202,3.696552443387321,0.05900727777802583
6.536536536536537,10236,20453,26361,3.225274392402202,3.696552443387321,0.05900727777802583
6.546546546546547,9995,20582,26234,3.225274392402202,3.696552443387321,0.05900727777802583
6.556556556556557,9754,20710,26107,3.225274392402202,3.696552443387321,0.05900727777802583
6.566566566566567,9511,20835,25980,3.225274392402202,3.696552443387321,0.05900727777802583
6.576576576576577,9266,20959,25853,3.225274392402202,3.696552443387321,0.05900727777802583
6.586586586586587,9020,21081,25725,3.225274392402202,3.696552443387321,0.05900727777802583
6.596596596596597,8773,21201,25598,3.225274392402202,3.696552443387321,0.05900727777802583
6.606606606606607,8524,21319,25470,3.225274392402202,3.696552443387321,0.05900727777802583
6.616616616616617,8275,21435,25343,3.225274392402202,3.696552443387321,0.05900727777802583
6.626626626626627,8023,21550,25215,3.225274392402202,3.696552443387321,0.05900727777802583
6.636636636636637,7771,21662,25087,3.225274392402202,3.696552443387321,0.05900727777802583
6.646646646646647,7517,21772,24960,3.225274392402202,3.696552443387321,0.05900727777802583
6.656656656656657,7262,21880,24832,3.225274392402202,3.696552443387321,0.05900727777802583
6.666666666666667,7006,21987,24705,3.225274392402202,3.696552443387321,0.05900727777802583
6.676676676676677,6749,22091,24578,3.225274392402202,3.696552443387321,0.05900727777802583
6.686686686686687,6490,22193,24450,3.225274392402202,3.696552443387321,0.05900727777802583
6.696696696696697,6230,22293,24324,3.225274392402202,3.696552443387321,0.05900727777802583
6.706706706706707,5970,22391,24197,3.225274392402202,3.696552443387321,0.05900727777802583
6.716716716716717,5708,22487,24070,3.225274392402202,3.696552443387321,0.05900727777802583
6.726726726726727,5445,22581,23944,3.225274392402202,3.696552443387321,0.05900727777802583
6.736736736736737,5181,22672,23818,3.225274392402202,3.696552443387321,0.05900727777802583
6.746746746746747,4916,22762,23693,3.225274392402202,3.696552443387321,0.05900727777802583
6.756756756756757,4650,22849,23568,3.225274392402202,3.696552443387321,0.05900727777802583
6.766766766766767,4383,22935,23443,3.225274392402202,3.696552443387321,0.05900727777802583
6.776776776776777,4115,23018,23318,3.225274392402202,3.696552443387321,0.05900727777802583
6.786786786786787,3846,23099,23194,3.225274392402202,3.696552443387321,0.05900727777802583
6.796796796796797,3577,23178,23071,3.225274392402202,3.696552443387321,0.05900727777802583
6.806806806806807,3306,23254,22948,3.225274392402202,3.696552443387321,0.05900727777802583
6.816816816816817,3035,23328,22825,3.225274392402202,3.696552443387321,0.05900727777802583
6.826826826826827,2762,23401,22703,3.225274392402202,3.696552443387321,0.05900727777802583
6.836836836836837,2489,23470,22581,3.225274392402202,3.696552443387321,0.05900727777802583
6.846846846846847,2216,23538,22460,3.225274392402202,3.696552443387321,0.05900727777802583
6.856856856856857,1941,23603,22340,3.225274392402202,3.696552443387321,0.05900727777802583
6.866866866866867,1666,23666,22220,3.225274392402202,3.696552443387321,0.05900727777802583
6.876876876876877,1390,23727,22101,3.225274392402202,3.696552443387321,0.05900727777802583
6.886886886886887,1113,23786,21982,3.225274392402202,3.696552443387321,0.05900727777802583
6.896896896896897,836,23842,21864,3.225274392402202,3.696552443387321,0.05900727777802583
6.906906906906907,558,23896,21746,3.225274392402202,3.696552443387321,0.05900727777802583
6.916916916916917,280,23947,21629,3.225274392402202,3.696552443387321,0.05900727777802583
6.926926926926927,1,23997,21513,3.225274392402202,3.696552443387321,0.05900727777802583
6.936936936936937,-278,24043,21398,3.225274392402202,3.696552443387321,0.05900727777802583
6.946946946946947,-558,24088,21283,3.225274392402202,3.696552443387321,0.05900727777802583
6.956956956956957,-838,24130,21169,3.225274392402202,3.696552443387321,0.05900727777802583
6.966966966966967,-1119,24170,21056,3.225274392402202,3.696552443387321,0.05900727777802583
6.976976976976977,-1401,24207,20943,3.225274392402202,3.696552443387321,0.05900727777802583
6.986986986986987,-1682,24242,20832,3.225274392402202,3.696552443387321,0.05900727777802583
6.996996996996997,-1964,24275,20720,3.225274392402202,3.696552443387321,0.05900727777802583
7.007007007007007,-2247,24305,20610,3.225274392402202,3.696552443387321,0.05900727777802583
7.017017017017017,-2530,24333,20501,3.225274392402202,3.696552443387321,0.05900727777802583
7.027027027027027,-2813,24358,20392,3.225274392402202,3.696552443387321,0.05900727777802583
7.037037037037037,-3096,24381,20284,3.225274392402202,3.696552443387321,0.05900727777802583
7.047047047047047,-3380,24402,20177,3.225274392402202,3.696552443387321,0.05900727777802583
7.057057057057057,-3663,24420,20071,3.225274392402202,3.696552443387321,0.05900727777802583
7.067067067067067,-3947,24436,19965,3.225274392402202,3.696552443387321,0.05900727777802583
7.077077077077077,-4231,24449,19860,3.225274392402202,3.696552443387321,0.05900727777802583
7.087087087087087,-4516,24460,19756,3.225274392402202,3.696552443387321,0.05900727777802583
7.097097097097097,-4800,24468,19653,3.225274392402202,3.696552443387321,0.05900727777802583
7.107107107107107,-5084,24474,19551,3.225274392402202,3.696552443387321,0.05900727777802583
7.117117117117117,-5369,24477,19450,3.225274392402202,3.696552443387321,0.05900727777802583
7.127127127127127,-5653,24478,19349,3.225274392402202,3.696552443387321,0.05900727777802583
7.137137137137137,-5937,24476,19250,3.225274392402202,3.696552443387321,0.05900727777802583
7.147147147147147,-6222,24472,19151,3.225274392402202,3.696552443387321,0.05900727777802583
7.157157157157157,-6506,24466,19053,3.225274392402202,3.696552443387321,0.05900727777802583
7.167167167167167,-6790,24457,18956,3.225274392402202,3.696552443387321,0.05900727777802583
7.177177177177177,-7074,24445,18859,3.225274392402202,3.696552443387321,0.05900727777802583
7.187187187187187,-7358,24431,18764,3.225274392402202,3.696552443387321,0.05900727777802583
7.197197197197197,-7641,24414,18669,3.225274392402202,3.696552443387321,0.05900727777802583
7.207207207207207,-7925,24395,18576,3.225274392402202,3.696552443387321,0.05900727777802583
7.217217217217217,-8208,24374,18483,3.225274392402202,3.696552443387321,0.05900727777802583
7.227227227227227,-8491,24349,18391,3.225274392402202,3.696552443387321,0.05900727777802583
7.237237237237237,-8773,24323,18300,3.225274392402202,3.696552443387321,0.05900727777802583
7.247247247247247,-9056,24294,18210,3.225274392402202,3.696552443387321,0.05900727777802583
7.257257257257257,-9338,24262,18120,3.225274392402202,3.696552443387321,0.05900727777802583
7.267267267267267,-9619,24228,18032,3.225274392402202,3.696552443387321,0.05900727777802583
7.277277277277277,-9900,24191,17944,3.225274392402202,3.696552443387321,0.05900727777802583
7.287287287287287,-10181,24152,17857,3.225274392402202,3.696552443387321,0.05900727777802583
7.297297297297297,-10461,24110,17772,3.225274392402202,3.696552443387321,0.05900727777802583
7.307307307307307,-10740,24065,17686,3.225274392402202,3.696552443387321,0.05900727777802583
7.317317317317317,-11019,24018,17602,3.225274392402202,3.696552443387321,0.05900727777802583
7.327327327327327,-11298,23969,17519,3.225274392402202,3.696552443387321,0.05900727777802583
7.337337337337337,-11576,23917,17436,3.225274392402202,3.696552443387321,0.05900727777802583
7.347347347347347,-11853,23863,17355,3.225274392402202,3.696552443387321,0.05900727777802583
7.357357357357357,-12130,23806,17274,3.225274392402202,3.696552443387321,0.05900727777802583
7.367367367367367,-12406,23746,17194,3.225274392402202,3.696552443387321,0.05900727777802583
7.377377377377377,-12681,23684,17115,3.225274392402202,3.696552443387321,0.05900727777802583
7.387387387387387,-12955,23619,17037,3.225274392402202,3.696552443387321,0.05900727777802583
7.397397397397397,-13229,23552,16959,3.225274392402202,3.696552443387321,0.05900727777802583
7.407407407407407,-13502,23483,16883,3.225274392402202,3.696552443387321,0.05900727777802583
7.4174174174174174,-13774,23410,16807,3.225274392402202,3.696552443387321,0.05900727777802583
7.4274274274274275,-14045,23336,16732,3.225274392402202,3.696552443387321,0.05900727777802583
7.4374374374374375,-14316,23258,16658,3.225274392402202,3.696552443387321,0.05900727777802583
7.4474474474474475,-14585,23179,16584,3.225274392402202,3.696552443387321,0.05900727777802583
7.4574574574574575,-14854,23097,16512,3.225274392402202,3.696552443387321,0.05900727777802583
7.4674674674674675,-15121,23012,16440,3.225274392402202,3.696552443387321,0.05900727777802583
7.4774774774774775,-15388,22925,16369,3.225274392402202,3.696552443387321,0.05900727777802583
7.4874874874874875,-15653,22835,16299,3.225274392402202,3.696552443387321,0.05900727777802583
7.4974974974974975,-15918,22743,16230,3.225274392402202,3.696552443387321,0.05900727777802583
7.5075075075075075,-16181,22648,16161,3.225274392402202,3.696552443387321,0.05900727777802583
7.5175175175175175,-16443,22551,16094,3.225274392402202,3.696552443387321,0.05900727777802583
7.5275275275275275,-16704,22451,16027,3.225274392402202,3.696552443387321,0.05900727777802583
7.5375375375375375,-16964,22349,15961,3.225274392402202,3.696552443387321,0.05900727777802583
7.5475475475475475,-17223,22244,15895,3.225274392402202,3.696552443387321,0.05900727777802583
7.5575575575575575,-17480,22137,15831,3.225274392402202,3.696552443387321,0.05900727777802583
7.5675675675675675,-17737,22027,15767,3.225274392402202,3.696552443387321,0.05900727777802583
7.5775775775775776,-17992,21915,15704,3.225274392402202,3.696552443387321,0.05900727777802583
7.587587587587588,-18245,21801,15641,3.225274392402202,3.696552443387321,0.05900727777802583
7.597597597597598,-18498,21684,15580,3.225274392402202,3.696552443387321,0.05900727777802583
7.607607607607608,-18748,21564,15519,3.225274392402202,3.696552443387321,0.05900727777802583
7.617617617617618,-18998,21443,15459,3.225274392402202,3.696552443387321,0.05900727777802583
7.627627627627628,-19246,21318,15399,3.225274392402202,3.696552443387321,0.05900727777802583
7.637637637637638,-19493,21192,15341,3.225274392402202,3.696552443387321,0.05900727777802583
7.647647647647648,-19738,21063,15283,3.225274392402202,3.696552443387321,0.05900727777802583
7.657657657657658,-19982,20931,15226,3.225274392402202,3.696552443387321,0.05900727777802583
7.667667667667668,-20224,20798,15169,3.225274392402202,3.696552443387321,0.05900727777802583
7.677677677677678,-20465,20661,15114,3.225274392402202,3.696552443387321,0.05900727777802583
7.687687687687688,-20704,20523,15058,3.225274392402202,3.696552443387321,0.05900727777802583
7.697697697697698,-20941,20382,15004,3.225274392402202,3.696552443387321,0.05900727777802583
7.707707707707708,-21177,20239,14951,3.225274392402202,3.696552443387321,0.05900727777802583
7.717717717717718,-21411,20093,14898,3.225274392402202,3.696552443387321,0.05900727777802583
7.727727727727728,-21643,19945,14845,3.225274392402202,3.696552443387321,0.05900727777802583
7.737737737737738,-21874,19795,14794,3.225274392402202,3.696552443387321,0.05900727777802583
7.747747747747748,-22103,19642,14743,3.225274392402202,3.696552443387321,0.05900727777802583
7.757757757757758,-22330,19487,14693,3.225274392402202,3.696552443387321,0.05900727777802583
7.767767767767768,-22555,19330,14643,3.225274392402202,3.696552443387321,0.05900727777802583
7.777777777777778,-22779,19171,14594,3.225274392402202,3.696552443387321,0.05900727777802583
7.787787787787788,-23001,19009,14546,3.225274392402202,3.696552443387321,0.05900727777802583
7.797797797797798,-23220,18845,14498,3.225274392402202,3.696552443387321,0.05900727777802583
7.807807807807808,-23438,18679,14451,3.225274392402202,3.696552443387321,0.05900727777802583
7.817817817817818,-23654,18511,14405,3.225274392402202,3.696552443387321,0.05900727777802583
7.827827827827828,-23868,18340,14359,3.225274392402202,3.696552443387321,0.05900727777802583
7.837837837837838,-24080,18167,14314,3.225274392402202,3.696552443387321,0.05900727777802583
7.847847847847848,-24290,17992,14270,3.225274392402202,3.696552443387321,0.05900727777802583
7.857857857857858,-24498,17815,14226,3.225274392402202,3.696552443387321,0.05900727777802583
7.867867867867868,-24704,17635,14183,3.225274392402202,3.696552443387321,0.05900727777802583
7.877877877877878,-24908,17454,14141,3.225274392402202,3.696552443387321,0.05900727777802583
7.887887887887888,-25110,17270,14099,3.225274392402202,3.696552443387321,0.05900727777802583
7.897897897897898,-25310,17084,14058,3.225274392402202,3.696552443387321,0.05900727777802583
7.907907907907908,-25507,16897,14017,3.225274392402202,3.696552443387321,0.05900727777802583
7.917917917917918,-25703,16707,13977,3.225274392402202,3.696552443387321,0.05900727777802583
7.927927927927928,-25896,16514,13937,3.225274392402202,3.696552443387321,0.05900727777802583
7.937937937937938,-26087,16320,13898,3.225274392402202,3.696552443387321,0.05900727777802583
7.947947947947948,-26275,16124,13860,3.225274392402202,3.696552443387321,0.05900727777802583
7.957957957957958,-26462,15926,13823,3.225274392402202,3.696552443387321,0.05900727777802583
7.967967967967968,-26646,15726,13785,3.225274392402202,3.696552443387321,0.05900727777802583
7.977977977977978,-26828,15523,13749,3.225274392402202,3.696552443387321,0.05900727777802583
7.987987987987988,-27007,15319,13713,3.225274392402202,3.696552443387321,0.05900727777802583
7.997997997997998,-27184,15113,13678,3.225274392402202,3.696552443387321,0.05900727777802583
8.008008008008009,-27359,14905,13643,3.225274392402202,3.696552443387321,0.05900727777802583
8.018018018018019,-27531,14695,13609,3.225274392402202,3.696552443387321,0.05900727777802583
8.028028028028029,-27701,14483,13575,3.225274392402202,3.696552443387321,0.05900727777802583
8.038038038038039,-27868,14269,13542,3.225274392402202,3.696552443387321,0.05900727777802583
8.048048048048049,-28033,14053,13509,3.225274392402202,3.696552443387321,0.05900727777802583
8.058058058058059,-28196,13836,13477,3.225274392402202,3.696552443387321,0.05900727777802583
8.068068068068069,-28356,13616,13446,3.225274392402202,3.696552443387321,0.05900727777802583
8.078078078078079,-28513,13395,13415,3.225274392402202,3.696552443387321,0.05900727777802583
8.088088088088089,-28668,13172,13385,3.225274392402202,3.696552443387321,0.05900727777802583
8.098098098098099,-28820,12947,13355,3.225274392402202,3.696552443387321,0.05900727777802583
8.108108108108109,-28970,12720,13326,3.225274392402202,3.696552443387321,0.05900727777802583
8.118118118118119,-29117,12492,13297,3.225274392402202,3.696552443387321,0.05900727777802583
8.128128128128129,-29261,12261,13269,3.225274392402202,3.696552443387321,0.05900727777802583
8.138138138138139,-29403,12030,13241,3.225274392402202,3.696552443387321,0.05900727777802583
8.148148148148149,-29542,11796,13214,3.225274392402202,3.696552443387321,0.05900727777802583
8.158158158158159,-29679,11561,13187,3.225274392402202,3.696552443387321,0.05900727777802583
8.168168168168169,-29812,11324,13161,3.225274392402202,3.696552443387321,0.05900727777802583
8.178178178178179,-29943,11085,13135,3.225274392402202,3.696552443387321,0.05900727777802583
8.188188188188189,-30072,10845,13110,3.225274392402202,3.696552443387321,0.05900727777802583
8.198198198198199,-30197,10604,13086,3.225274392402202,3.696552443387321,0.05900727777802583
8.208208208208209,-30320,10360,13062,3.225274392402202,3.696552443387321,0.05900727777802583
8.218218218218219,-30440,10115,13038,3.225274392402202,3.696552443387321,0.05900727777802583
8.228228228228229,-30557,9869,13015,3.225274392402202,3.696552443387321,0.05900727777802583
8.238238238238239,-30671,9621,12993,3.225274392402202,3.696552443387321,0.05900727777802583
8.248248248248249,-30782,9372,12971,3.225274392402202,3.696552443387321,0.05900727777802583
8.258258258258259,-30891,9121,12949,3.225274392402202,3.696552443387321,0.05900727777802583
8.268268268268269,-30996,8869,12928,3.225274392402202,3.696552443387321,0.05900727777802583
8.278278278278279,-31099,8615,12907,3.225274392402202,3.696552443387321,0.05900727777802583
8.288288288288289,-31199,8360,12887,3.225274392402202,3.696552443387321,0.05900727777802583
8.298298298298299,-31295,8104,12868,3.225274392402202,3.696552443387321,0.05900727777802583
8.308308308308309,-31389,7846,12849,3.225274392402202,3.696552443387321,0.05900727777802583
8.318318318318319,-31480,7587,12830,3.225274392402202,3.696552443387321,0.05900727777802583
8.328328328328329,-31568,7326,12812,3.225274392402202,3.696552443387321,0.05900727777802583
8.338338338338339,-31653,7065,12795,3.225274392402202,3.696552443387321,0.05900727777802583
8.348348348348349,-31735,6802,12777,3.225274392402202,3.696552443387321,0.05900727777802583
8.358358358358359,-31814,6538,12761,3.225274392402202,3.696552443387321,0.05900727777802583
8.368368368368369,-31889,6272,12745,3.225274392402202,3.696552443387321,0.05900727777802583
8.378378378378379,-31962,6006,12729,3.225274392402202,3.696552443387321,0.05900727777802583
8.388388388388389,-32032,5738,12714,3.225274392402202,3.696552443387321,0.05900727777802583
8.398398398398399,-32099,5469,12699,3.225274392402202,3.696552443387321,0.05900727777802583
8.408408408408409,-32162,5199,12685,3.225274392402202,3.696552443387321,0.05900727777802583
8.418418418418419,-32222,4928,12671,3.225274392402202,3.696552443387321,0.05900727777802583
8.428428428428429,-32280,4656,12657,3.225274392402202,3.696552443387321,0.05900727777802583
8.438438438438439,-32334,4383,12645,3.225274392402202,3.696552443387321,0.05900727777802583
8.448448448448449,-32385,4109,12632,3.225274392402202,3.696552443387321,0.05900727777802583
8.458458458458459,-32433,3834,12620,3.225274392402202,3.696552443387321,0.05900727777802583
8.468468468468469,-32478,3558,12609,3.225274392402202,3.696552443387321,0.05900727777802583
8.478478478478479,-32519,3281,12598,3.225274392402202,3.696552443387321,0.05900727777802583
8.488488488488489,-32557,3003,12587,3.225274392402202,3.696552443387321,0.05900727777802583
8.498498498498499,-32593,2724,12577,3.225274392402202,3.696552443387321,0.05900727777802583
8.508508508508509,-32625,2444,12568,3.225274392402202,3.696552443387321,0.05900727777802583
8.518518518518519,-32653,2164,12558,3.225274392402202,3.696552443387321,0.05900727777802583
8.528528528528529,-32679,1883,12550,3.225274392402202,3.696552443387321,0.05900727777802583
8.538538538538539,-32701,1601,12542,3.225274392402202,3.696552443387321,0.05900727777802583
8.548548548548549,-32720,1318,12534,3.225274392402202,3.696552443387321,0.05900727777802583
8.558558558558559,-32736,1034,12526,3.225274392402202,3.696552443387321,0.05900727777802583
8.568568568568569,-32749,750,12520,3.225274392402202,3.696552443387321,0.05900727777802583
8.578578578578579,-32758,465,12513,3.225274392402202,3.696552443387321,0.05900727777802583
8.588588588588589,-32764,180,12507,3.225274392402202,3.696552443387321,0.05900727777802583
8.598598598598599,-32767,-105,12502,3.225274392402202,3.696552443387321,0.05900727777802583
8.608608608608609,-32766,-392,12497,3.225274392402202,3.696552443387321,0.05900727777802583
8.618618618618619,-32762,-679,12492,3.225274392402202,3.696552443387321,0.05900727777802583
8.62862862862863,-32755,-967,12488,3.225274392402202,3.696552443387321,0.05900727777802583
8.63863863863864,-32744,-1255,12484,3.225274392402202,3.696552443387321,0.05900727777802583
8.64864864864865,-32731,-1544,12481,3.225274392402202,3.696552443387321,0.05900727777802583
8.65865865865866,-32714,-1833,12478,3.225274392402202,3.696552443387321,0.05900727777802583
8.66866866866867,-32693,-2123,12476,3.225274392402202,3.696552443387321,0.05900727777802583
8.67867867867868,-32669,-2413,12474,3.225274392402202,3.696552443387321,0.05900727777802583
8.68868868868869,-32642,-2703,12473,3.225274392402202,3.696552443387321,0.05900727777802583
8.6986986986987,-32612,-2994,12472,3.225274392402202,3.696552443387321,0.05900727777802583
8.70870870870871,-32578,-3285,12472,3.225274392402202,3.696552443387321,0.05900727777802583
8.71871871871872,-32541,-3576,12471,3.225274392402202,3.696552443387321,0.05900727777802583
8.72872872872873,-32501,-3868,12472,3.225274392402202,3.696552443387321,0.05900727777802583
8.73873873873874,-32457,-4159,12473,3.225274392402202,3.696552443387321,0.05900727777802583
8.74874874874875,-32410,-4451,12474,3.225274392402202,3.696552443387321,0.05900727777802583
8.75875875875876,-32359,-4743,12476,3.225274392402202,3.696552443387321,0.05900727777802583
8.76876876876877,-32306,-5035,12478,3.225274392402202,3.696552443387321,0.05900727777802583
8.77877877877878,-32248,-5328,12481,3.225274392402202,3.696552443387321,0.05900727777802583
8.78878878878879,-32188,-5620,12484,3.225274392402202,3.696552443387321,0.05900727777802583
8.7987987987988,-32124,-5912,12488,3.225274392402202,3.696552443387321,0.05900727777802583
8.80880880880881,-32057,-6205,12492,3.225274392402202,3.696552443387321,0.05900727777802583
8.81881881881882,-31986,-6497,12497,3.225274392402202,3.696552443387321,0.05900727777802583
8.82882882882883,-31912,-6790,12502,3.225274392402202,3.696552443387321,0.05900727777802583
8.83883883883884,-31835,-7082,12507,3.225274392402202,3.696552443387321,0.05900727777802583
8.84884884884885,-31754,-7374,12513,3.225274392402202,3.696552443387321,0.05900727777802583
8.85885885885886,-31670,-7666,12520,3.225274392402202,3.696552443387321,0.05900727777802583
8.86886886886887,-31583,-7958,12526,3.225274392402202,3.696552443387321,0.05900727777802583
8.87887887887888,-31492,-8250,12534,3.225274392402202,3.696552443387321,0.05900727777802583
8.88888888888889,-31398,-8541,12542,3.225274392402202,3.696552443387321,0.05900727777802583
8.8988988988989,-31301,-8832,12550,3.225274392402202,3.696552443387321,0.05900727777802583
8.90890890890891,-31200,-9123,12559,3.225274392402202,3.696552443387321,0.05900727777802583
8.91891891891892,-31096,-9414,12568,3.225274392402202,3.696552443387321,0.05900727777802583
8.92892892892893,-30989,-9704,12578,3.225274392402202,3.696552443387321,0.05900727777802583
8.93893893893894,-30878,-9994,12588,3.225274392402202,3.696552443387321,0.05900727777802583
8.94894894894895,-30764,-10283,12599,3.225274392402202,3.696552443387321,0.05900727777802583
8.95895895895896,-30647,-10572,12610,3.225274392402202,3.696552443387321,0.05900727777802583
8.96896896896897,-30526,-10861,12622,3.225274392402202,3.696552443387321,0.05900727777802583
8.97897897897898,-30402,-11149,12634,3.225274392402202,3.696552443387321,0.05900727777802583
8.98898898898899,-30275,-11437,12646,3.225274392402202,3.696552443387321,0.05900727777802583
8.998998998999,-30144,-11724,12659,3.225274392402202,3.696552443387321,0.05900727777802583
9.00900900900901,-30011,-12010,12673,3.225274392402202,3.696552443387321,0.05900727777802583
9.01901901901902,-29873,-12296,12687,3.225274392402202,3.696552443387321,0.05900727777802583
9.02902902902903,-29733,-12581,12702,3.225274392402202,3.696552443387321,0.05900727777802583
9.03903903903904,-29589,-12866,12717,3.225274392402202,3.696552443387321,0.05900727777802583
9.04904904904905,-29442,-13150,12732,3.225274392402202,3.696552443387321,0.05900727777802583
9.05905905905906,-29292,-13433,12749,3.225274392402202,3.696552443387321,0.05900727777802583
9.06906906906907,-29139,-13715,12765,3.225274392402202,3.696552443387321,0.05900727777802583
9.07907907907908,-28982,-13997,12782,3.225274392402202,3.696552443387321,0.05900727777802583
9.08908908908909,-28822,-14277,12800,3.225274392402202,3.696552443387321,0.05900727777802583
9.0990990990991,-28659,-14557,12818,3.225274392402202,3.696552443387321,0.05900727777802583
9.10910910910911,-28493,-14836,12837,3.225274392402202,3.696552443387321,0.05900727777802583
9.11911911911912,-28324,-15114,12856,3.225274392402202,3.696552443387321,0.05900727777802583
9.12912912912913,-28151,-15392,12875,3.225274392402202,3.696552443387321,0.05900727777802583
9.13913913913914,-27975,-15668,12896,3.225274392402202,3.696552443387321,0.05900727777802583
9.14914914914915,-27796,-15943,12916,3.225274392402202,3.696552443387321,0.05900727777802583
9.15915915915916,-27614,-16217,12937,3.225274392402202,3.696552443387321,0.05900727777802583
9.16916916916917,-27429,-16490,12959,3.225274392402202,3.696552443387321,0.05900727777802583
9.17917917917918,-27240,-16762,12982,3.225274392402202,3.696552443387321,0.05900727777802583
9.18918918918919,-27049,-17033,13004,3.225274392402202,3.696552443387321,0.05900727777802583
9.1991991991992,-26854,-17303,13028,3.225274392402202,3.696552443387321,0.05900727777802583
9.20920920920921,-26657,-17572,13052,3.225274392402202,3.696552443387321,0.05900727777802583
9.21921921921922,-26456,-17839,13076,3.225274392402202,3.696552443387321,0.05900727777802583
9.22922922922923,-26252,-18105,13101,3.225274392402202,3.696552443387321,0.05900727777802583
9.23923923923924,-26045,-18370,13127,3.225274392402202,3.696552443387321,0.05900727777802583
9.24924924924925,-25835,-18634,13153,3.225274392402202,3.696552443387321,0.05900727777802583
9.25925925925926,-25623,-18896,13179,3.225274392402202,3.696552443387321,0.05900727777802583
9.26926926926927,-25407,-19157,13207,3.225274392402202,3.696552443387321,0.05900727777802583
9.27927927927928,-25188,-19416,13235,3.225274392402202,3.696552443387321,0.05900727777802583
9.28928928928929,-24966,-19675,13263,3.225274392402202,3.696552443387321,0.05900727777802583
9.2992992992993,-24741,-19931,13292,3.225274392402202,3.696552443387321,0.05900727777802583
9.30930930930931,-24514,-20187,13321,3.225274392402202,3.696552443387321,0.05900727777802583
9.31931931931932,-24283,-20440,13352,3.225274392402202,3.696552443387321,0.05900727777802583
9.32932932932933,-24049,-20693,13382,3.225274392402202,3.696552443387321,0.05900727777802583
9.33933933933934,-23813,-20943,13414,3.225274392402202,3.696552443387321,0.05900727777802583
9.34934934934935,-23574,-21192,13446,3.225274392402202,3.696552443387321,0.05900727777802583
9.35935935935936,-23332,-21440,13478,3.225274392402202,3.696552443387321,0.05900727777802583
9.36936936936937,-23087,-21686,13511,3.225274392402202,3.696552443387321,0.05900727777802583
9.37937937937938,-22839,-21930,13545,3.225274392402202,3.696552443387321,0.05900727777802583
9.38938938938939,-22589,-22173,13579,3.225274392402202,3.696552443387321,0.05900727777802583
9.3993993993994,-22335,-22413,13614,3.225274392402202,3.696552443387321,0.05900727777802583
9.40940940940941,-22079,-22652,13650,3.225274392402202,3.696552443387321,0.05900727777802583
9.41941941941942,-21821,-22890,13686,3.225274392402202,3.696552443387321,0.05900727777802583
9.42942942942943,-21559,-23125,13723,3.225274392402202,3.696552443387321,0.05900727777802583
9.43943943943944,-21295,-23359,13760,3.225274392402202,3.696552443387321,0.05900727777802583
9.44944944944945,-21028,-23591,13799,3.225274392402202,3.696552443387321,0.05900727777802583
9.45945945945946,-20759,-23821,13837,3.225274392402202,3.696552443387321,0.05900727777802583
9.46946946946947,-20487,-24049,13877,3.225274392402202,3.696552443387321,0.05900727777802583
9.47947947947948,-20212,-24275,13917,3.225274392402202,3.696552443387321,0.05900727777802583
9.48948948948949,-19935,-24499,13958,3.225274392402202,3.696552443387321,0.05900727777802583
9.4994994994995,-19655,-24721,13999,3.225274392402202,3.696552443387321,0.05900727777802583
9.50950950950951,-19373,-24941,14041,3.225274392402202,3.696552443387321,0.05900727777802583
9.51951951951952,-19088,-25159,14084,3.225274392402202,3.696552443387321,0.05900727777802583
9.52952952952953,-18800,-25375,14128,3.225274392402202,3.696552443387321,0.05900727777802583
9.53953953953954,-18511,-25589,14172,3.225274392402202,3.696552443387321,0.05900727777802583
9.54954954954955,-18218,-25801,14217,3.225274392402202,3.696552443387321,0.05900727777802583
9.55955955955956,-17924,-26011,14263,3.225274392402202,3.696552443387321,0.05900727777802583
9.56956956956957,-17627,-26218,14309,3.225274392402202,3.696552443387321,0.05900727777802583
9.57957957957958,-17328,-26424,14356,3.225274392402202,3.696552443387321,0.05900727777802583
9.58958958958959,-17026,-26627,14404,3.225274392402202,3.696552443387321,0.05900727777802583
9.5995995995996,-16722,-26828,14452,3.225274392402202,3.696552443387321,0.05900727777802583
9.60960960960961,-16416,-27026,14502,3.225274392402202,3.696552443387321,0.05900727777802583
9.61961961961962,-16107,-27223,14552,3.225274392402202,3.696552443387321,0.05900727777802583
9.62962962962963,-15796,-27417,14603,3.225274392402202,3.696552443387321,0.05900727777802583
9.63963963963964,-15483,-27608,14654,3.225274392402202,3.696552443387321,0.05900727777802583
9.64964964964965,-15168,-27798,14707,3.225274392402202,3.696552443387321,0.05900727777802583
9.65965965965966,-14851,-27985,14760,3.225274392402202,3.696552443387321,0.05900727777802583
9.66966966966967,-14531,-28169,14814,3.225274392402202,3.696552443387321,0.05900727777802583
9.67967967967968,-14210,-28351,14869,3.225274392402202,3.696552443387321,0.05900727777802583
9.68968968968969,-13886,-28531,14924,3.225274392402202,3.696552443387321,0.05900727777802583
9.6996996996997,-13561,-28708,14980,3.225274392402202,3.696552443387321,0.05900727777802583
9.70970970970971,-13233,-28883,15038,3.225274392402202,3.696552443387321,0.05900727777802583
9.71971971971972,-12903,-29055,15096,3.225274392402202,3.696552443387321,0.05900727777802583
9.72972972972973,-12572,-29225,15155,3.225274392402202,3.696552443387321,0.05900727777802583
9.73973973973974,-12238,-29392,15214,3.225274392402202,3.696552443387321,0.05900727777802583
9.74974974974975,-11903,-29556,15275,3.225274392402202,3.696552443387321,0.05900727777802583
9.75975975975976,-11566,-29718,15336,3.225274392402202,3.696552443387321,0.05900727777802583
9.76976976976977,-11227,-29877,15399,3.225274392402202,3.696552443387321,0.05900727777802583
9.77977977977978,-10886,-30034,15462,3.225274392402202,3.696552443387321,0.05900727777802583
9.78978978978979,-10543,-30187,15526,3.225274392402202,3.696552443387321,0.05900727777802583
9.7997997997998,-10199,-30339,15591,3.225274392402202,3.696552443387321,0.05900727777802583
9.80980980980981,-9853,-30487,15657,3.225274392402202,3.696552443387321,0.05900727777802583
9.81981981981982,-9505,-30633,15724,3.225274392402202,3.696552443387321,0.05900727777802583
9.82982982982983,-9156,-30776,15791,3.225274392402202,3.696552443387321,0.05900727777802583
9.83983983983984,-8805,-30916,15860,3.225274392402202,3.696552443387321,0.05900727777802583
9.84984984984985,-8452,-31053,15930,3.225274392402202,3.696552443387321,0.05900727777802583
9.85985985985986,-8098,-31188,16000,3.225274392402202,3.696552443387321,0.05900727777802583
9.86986986986987,-7743,-31320,16072,3.225274392402202,3.696552443387321,0.05900727777802583
9.87987987987988,-7385,-31449,16144,3.225274392402202,3.696552443387321,0.05900727777802583
9.88988988988989,-7027,-31575,16218,3.225274392402202,3.696552443387321,0.05900727777802583
9.8998998998999,-6667,-31698,16292,3.225274392402202,3.696552443387321,0.05900727777802583
9.90990990990991,-6305,-31818,16368,3.225274392402202,3.696552443387321,0.05900727777802583
9.91991991991992,-5943,-31935,16445,3.225274392402202,3.696552443387321,0.05900727777802583
9.92992992992993,-5579,-32050,16522,3.225274392402202,3.696552443387321,0.05900727777802583
9.93993993993994,-5213,-32161,16601,3.225274392402202,3.696552443387321,0.05900727777802583
9.94994994994995,-4847,-32270,16681,3.225274392402202,3.696552443387321,0.05900727777802583
9.95995995995996,-4479,-32375,16761,3.225274392402202,3.696552443387321,0.05900727777802583
9.96996996996997,-4110,-32477,16843,3.225274392402202,3.696552443387321,0.05900727777802583
9.97997997997998,-3740,-32577,16926,3.225274392402202,3.696552443387321,0.05900727777802583
9.98998998998999,-3369,-32673,17010,3.225274392402202,3.696552443387321,0.05900727777802583
10.0,-2997,-32767,17096,3.225274392402202,3.696552443387321,0.05900727777802583
