time,x,y,z
2.002002,-1.679251,0.455267,0.027466
2.012012,-1.684003,0.439329,0.027439
2.022022,-1.688595,0.423313,0.027413
2.032032,-1.693026,0.407219,0.027388
2.042042,-1.697296,0.391049,0.027364
2.052052,-1.701403,0.374805,0.027340
2.062062,-1.705346,0.358488,0.027317
2.072072,-1.709126,0.342100,0.027294
2.082082,-1.712742,0.325642,0.027272
2.092092,-1.716191,0.309115,0.027251
2.102102,-1.719475,0.292522,0.027230
2.112112,-1.722593,0.275863,0.027210
2.122122,-1.725543,0.259141,0.027191
2.132132,-1.728325,0.242356,0.027172
2.142142,-1.730938,0.225511,0.027154
2.152152,-1.733383,0.208606,0.027136
2.162162,-1.735658,0.191644,0.027119
2.172172,-1.737762,0.174626,0.027103
2.182182,-1.739696,0.157554,0.027088
2.192192,-1.741459,0.140429,0.027073
2.202202,-1.743049,0.123252,0.027058
2.212212,-1.744468,0.106027,0.027045
2.222222,-1.745713,0.088753,0.027032
2.232232,-1.746786,0.071433,0.027019
2.242242,-1.747684,0.054069,0.027008
2.252252,-1.748409,0.036662,0.026996
2.262262,-1.748959,0.019213,0.026986
2.272272,-1.749333,0.001725,0.026976
2.282282,-1.749533,-0.015801,0.026967
2.292292,-1.749557,-0.033363,0.026958
2.302302,-1.749405,-0.050960,0.026950
2.312312,-1.749076,-0.068590,0.026943
2.322322,-1.748571,-0.086251,0.026936
2.332332,-1.747889,-0.103941,0.026930
2.342342,-1.747029,-0.121659,0.026925
2.352352,-1.745992,-0.139403,0.026920
2.362362,-1.744777,-0.157171,0.026916
2.372372,-1.743384,-0.174962,0.026912
2.382382,-1.741813,-0.192774,0.026909
2.392392,-1.740063,-0.210605,0.026907
2.402402,-1.738135,-0.228453,0.026906
2.412412,-1.736028,-0.246316,0.026905
2.422422,-1.733743,-0.264194,0.026904
2.432432,-1.731278,-0.282083,0.026905
2.442442,-1.728634,-0.299983,0.026906
2.452452,-1.725811,-0.317891,0.026907
2.462462,-1.722808,-0.335806,0.026909
2.472472,-1.719627,-0.353726,0.026912
2.482482,-1.716266,-0.371649,0.026916
2.492492,-1.712725,-0.389573,0.026920
2.502503,-1.709005,-0.407497,0.026925
2.512513,-1.705106,-0.425418,0.026930
2.522523,-1.701028,-0.443336,0.026936
2.532533,-1.696770,-0.461247,0.026943
2.542543,-1.692333,-0.479151,0.026951
2.552553,-1.687717,-0.497046,0.026959
2.562563,-1.682922,-0.514929,0.026967
2.572573,-1.677948,-0.532799,0.026977
2.582583,-1.672795,-0.550654,0.026987
2.592593,-1.667464,-0.568493,0.026997
2.602603,-1.661954,-0.586313,0.027009
2.612613,-1.656267,-0.604112,0.027021
2.622623,-1.650401,-0.621889,0.027033
2.632633,-1.644358,-0.639643,0.027047
2.642643,-1.638137,-0.657370,0.027061
2.652653,-1.631739,-0.675070,0.027075
2.662663,-1.625164,-0.692740,0.027090
2.672673,-1.618413,-0.710378,0.027106
2.682683,-1.611485,-0.727984,0.027123
2.692693,-1.604382,-0.745555,0.027140
2.702703,-1.597103,-0.763088,0.027158
2.712713,-1.589649,-0.780584,0.027177
2.722723,-1.582020,-0.798038,0.027196
2.732733,-1.574216,-0.815450,0.027216
2.742743,-1.566239,-0.832818,0.027237
2.752753,-1.558089,-0.850140,0.027258
2.762763,-1.549765,-0.867415,0.027280
2.772773,-1.541269,-0.884639,0.027302
2.782783,-1.532602,-0.901812,0.027326
2.792793,-1.523762,-0.918932,0.027350
2.802803,-1.514752,-0.935997,0.027374
2.812813,-1.505572,-0.953005,0.027400
2.822823,-1.496222,-0.969954,0.027426
2.832833,-1.486703,-0.986842,0.027453
2.842843,-1.477015,-1.003668,0.027480
2.852853,-1.467160,-1.020430,0.027508
2.862863,-1.457137,-1.037126,0.027537
2.872873,-1.446948,-1.053754,0.027567
2.882883,-1.436593,-1.070313,0.027597
2.892893,-1.426073,-1.086800,0.027628
2.902903,-1.415389,-1.103214,0.027659
2.912913,-1.404541,-1.119553,0.027692
2.922923,-1.393530,-1.135815,0.027725
2.932933,-1.382357,-1.151998,0.027758
2.942943,-1.371023,-1.168102,0.027793
2.952953,-1.359528,-1.184123,0.027828
2.962963,-1.347874,-1.200060,0.027864
2.972973,-1.336061,-1.215912,0.027900
2.982983,-1.324090,-1.231676,0.027938
2.992993,-1.311962,-1.247351,0.027976
3.003003,-1.299679,-1.262935,0.028014
3.013013,-1.287240,-1.278427,0.028054
3.023023,-1.274646,-1.293824,0.028094
3.033033,-1.261900,-1.309125,0.028135
3.043043,-1.249001,-1.324328,0.028177
3.053053,-1.235951,-1.339432,0.028219
3.063063,-1.222751,-1.354435,0.028262
3.073073,-1.209402,-1.369334,0.028306
3.083083,-1.195904,-1.384129,0.028351
3.093093,-1.182259,-1.398818,0.028396
3.103103,-1.168469,-1.413398,0.028442
3.113113,-1.154533,-1.427869,0.028489
3.123123,-1.140453,-1.442229,0.028537
3.133133,-1.126231,-1.456475,0.028585
3.143143,-1.111867,-1.470607,0.028634
3.153153,-1.097363,-1.484623,0.028684
3.163163,-1.082720,-1.498520,0.028735
3.173173,-1.067938,-1.512298,0.028786
3.183183,-1.053020,-1.525955,0.028839
3.193193,-1.037967,-1.539489,0.028891
3.203203,-1.022779,-1.552899,0.028945
3.213213,-1.007457,-1.566182,0.029000
3.223223,-0.992005,-1.579339,0.029055
3.233233,-0.976421,-1.592366,0.029111
3.243243,-0.960709,-1.605262,0.029168
3.253253,-0.944868,-1.618026,0.029226
3.263263,-0.928901,-1.630656,0.029284
3.273273,-0.912809,-1.643151,0.029343
3.283283,-0.896593,-1.655509,0.029403
3.293293,-0.880255,-1.667729,0.029464
3.303303,-0.863796,-1.679809,0.029526
3.313313,-0.847217,-1.691748,0.029588
3.323323,-0.830520,-1.703544,0.029652
3.333333,-0.813706,-1.715195,0.029716
3.343343,-0.796777,-1.726701,0.029781
3.353353,-0.779734,-1.738060,0.029846
3.363363,-0.762579,-1.749270,0.029913
3.373373,-0.745313,-1.760331,0.029980
3.383383,-0.727938,-1.771239,0.030048
3.393393,-0.710455,-1.781995,0.030117
3.403403,-0.692865,-1.792597,0.030187
3.413413,-0.675172,-1.803044,0.030258
3.423423,-0.657375,-1.813333,0.030329
3.433433,-0.639476,-1.823465,0.030402
3.443443,-0.621478,-1.833436,0.030475
3.453453,-0.603382,-1.843247,0.030549
3.463463,-0.585188,-1.852896,0.030624
3.473473,-0.566900,-1.862381,0.030699
3.483483,-0.548519,-1.871702,0.030776
3.493493,-0.530045,-1.880857,0.030854
3.503504,-0.511482,-1.889844,0.030932
3.513514,-0.492831,-1.898663,0.031011
3.523524,-0.474092,-1.907312,0.031091
3.533534,-0.455269,-1.915791,0.031172
3.543544,-0.436363,-1.924097,0.031254
3.553554,-0.417375,-1.932230,0.031336
3.563564,-0.398307,-1.940189,0.031420
3.573574,-0.379162,-1.947973,0.031504
3.583584,-0.359940,-1.955580,0.031590
3.593594,-0.340644,-1.963009,0.031676
3.603604,-0.321276,-1.970259,0.031763
3.613614,-0.301836,-1.977329,0.031851
3.623624,-0.282328,-1.984218,0.031940
3.633634,-0.262752,-1.990926,0.032030
3.643644,-0.243111,-1.997450,0.032120
3.653654,-0.223407,-2.003790,0.032212
3.663664,-0.203641,-2.009945,0.032305
3.673674,-0.183815,-2.015915,0.032398
3.683684,-0.163931,-2.021697,0.032492
3.693694,-0.143992,-2.027291,0.032587
3.703704,-0.123998,-2.032697,0.032684
3.713714,-0.103952,-2.037912,0.032781
3.723724,-0.083856,-2.042937,0.032879
3.733734,-0.063711,-2.047771,0.032978
3.743744,-0.043520,-2.052412,0.033077
3.753754,-0.023285,-2.056860,0.033178
3.763764,-0.003007,-2.061113,0.033280
3.773774,0.017312,-2.065172,0.033382
3.783784,0.037669,-2.069035,0.033486
3.793794,0.058063,-2.072702,0.033590
3.803804,0.078491,-2.076172,0.033696
3.813814,0.098953,-2.079444,0.033802
3.823824,0.119445,-2.082517,0.033910
3.833834,0.139965,-2.085390,0.034018
3.843844,0.160512,-2.088064,0.034127
3.853854,0.181084,-2.090537,0.034237
3.863864,0.201679,-2.092809,0.034348
3.873874,0.222294,-2.094879,0.034460
3.883884,0.242928,-2.096747,0.034573
3.893894,0.263578,-2.098411,0.034687
3.903904,0.284243,-2.099872,0.034802
3.913914,0.304920,-2.101128,0.034918
3.923924,0.325608,-2.102180,0.035034
3.933934,0.346304,-2.103026,0.035152
3.943944,0.367006,-2.103667,0.035271
3.953954,0.387712,-2.104102,0.035390
3.963964,0.408421,-2.104330,0.035511
3.973974,0.429130,-2.104351,0.035632
3.983984,0.449836,-2.104164,0.035755
3.993994,0.470538,-2.103770,0.035878
4.004004,0.491235,-2.103168,0.036003
4.014014,0.511922,-2.102357,0.036128
4.024024,0.532600,-2.101337,0.036254
4.034034,0.553265,-2.100108,0.036381
4.044044,0.573915,-2.098669,0.036510
4.054054,0.594548,-2.097021,0.036639
4.064064,0.615163,-2.095163,0.036769
4.074074,0.635757,-2.093094,0.036900
4.084084,0.656328,-2.090815,0.037032
4.094094,0.676873,-2.088326,0.037164
4.104104,0.697391,-2.085626,0.037298
4.114114,0.717880,-2.082715,0.037433
4.124124,0.738337,-2.079593,0.037569
4.134134,0.758760,-2.076260,0.037705
4.144144,0.779148,-2.072716,0.037843
4.154154,0.799498,-2.068961,0.037981
4.164164,0.819808,-2.064994,0.038120
4.174174,0.840075,-2.060816,0.038261
4.184184,0.860299,-2.056427,0.038402
4.194194,0.880476,-2.051827,0.038544
4.204204,0.900604,-2.047016,0.038687
4.214214,0.920682,-2.041993,0.038831
4.224224,0.940707,-2.036760,0.038975
4.234234,0.960677,-2.031316,0.039121
4.244244,0.980590,-2.025661,0.039268
4.254254,1.000443,-2.019795,0.039415
4.264264,1.020236,-2.013719,0.039563
4.274274,1.039965,-2.007433,0.039712
4.284284,1.059629,-2.000937,0.039862
4.294294,1.079225,-1.994231,0.040013
4.304304,1.098752,-1.987316,0.040165
4.314314,1.118207,-1.980191,0.040317
4.324324,1.137588,-1.972858,0.040471
4.334334,1.156893,-1.965316,0.040625
4.344344,1.176119,-1.957566,0.040780
4.354354,1.195266,-1.949608,0.040935
4.364364,1.214330,-1.941443,0.041092
4.374374,1.233310,-1.933071,0.041249
4.384384,1.252204,-1.924493,0.041407
4.394394,1.271009,-1.915708,0.041566
4.404404,1.289724,-1.906718,0.041726
4.414414,1.308346,-1.897522,0.041886
4.424424,1.326873,-1.888122,0.042047
4.434434,1.345303,-1.878519,0.042209
4.444444,1.363635,-1.868711,0.042371
4.454454,1.381866,-1.858701,0.042534
4.464464,1.399994,-1.848489,0.042698
4.474474,1.418017,-1.838075,0.042863
4.484484,1.435934,-1.827460,0.043028
4.494494,1.453741,-1.816645,0.043193
4.504505,1.471437,-1.805630,0.043360
4.514515,1.489021,-1.794416,0.043527
4.524525,1.506490,-1.783005,0.043694
4.534535,1.523841,-1.771396,0.043862
4.544545,1.541074,-1.759590,0.044031
4.554555,1.558186,-1.747589,0.044200
4.564565,1.575175,-1.735393,0.044370
4.574575,1.592040,-1.723003,0.044540
4.584585,1.608778,-1.710420,0.044711
4.594595,1.625387,-1.697644,0.044882
4.604605,1.641865,-1.684677,0.045054
4.614615,1.658211,-1.671520,0.045226
4.624625,1.674423,-1.658173,0.045398
4.634635,1.690499,-1.644637,0.045571
4.644645,1.706436,-1.630914,0.045744
4.654655,1.722233,-1.617005,0.045918
4.664665,1.737888,-1.602910,0.046092
4.674675,1.753400,-1.588631,0.046266
4.684685,1.768766,-1.574168,0.046440
4.694695,1.783985,-1.559524,0.046615
4.704705,1.799054,-1.544698,0.046790
4.714715,1.813972,-1.529692,0.046965
4.724725,1.828737,-1.514507,0.047140
4.734735,1.843348,-1.499145,0.047315
4.744745,1.857803,-1.483606,0.047491
4.754755,1.872099,-1.467892,0.047666
4.764765,1.886235,-1.452005,0.047842
4.774775,1.900209,-1.435944,0.048017
4.784785,1.914021,-1.419712,0.048193
4.794795,1.927667,-1.403310,0.048368
4.804805,1.941146,-1.386740,0.048544
4.814815,1.954457,-1.370002,0.048719
4.824825,1.967598,-1.353097,0.048895
4.834835,1.980567,-1.336029,0.049070
4.844845,1.993362,-1.318796,0.049245
4.854855,2.005982,-1.301402,0.049420
4.864865,2.018426,-1.283848,0.049594
4.874875,2.030692,-1.266134,0.049768
4.884885,2.042777,-1.248264,0.049942
4.894895,2.054682,-1.230237,0.050116
4.904905,2.066403,-1.212055,0.050289
4.914915,2.077940,-1.193721,0.050461
4.924925,2.089290,-1.175235,0.050634
4.934935,2.100454,-1.156599,0.050805
4.944945,2.111428,-1.137815,0.050976
4.954955,2.122212,-1.118885,0.051147
4.964965,2.132804,-1.099809,0.051317
4.974975,2.143202,-1.080590,0.051486
4.984985,2.153406,-1.061229,0.051655
4.994995,2.163413,-1.041729,0.051822
5.005005,2.173223,-1.022090,0.051989
5.015015,2.182834,-1.002314,0.052156
5.025025,2.192245,-0.982403,0.052321
5.035035,2.201454,-0.962359,0.052485
5.045045,2.210460,-0.942184,0.052649
5.055055,2.219262,-0.921879,0.052811
5.065065,2.227859,-0.901446,0.052973
5.075075,2.236248,-0.880887,0.053133
5.085085,2.244430,-0.860204,0.053292
5.095095,2.252402,-0.839398,0.053450
5.105105,2.260164,-0.818472,0.053607
5.115115,2.267714,-0.797428,0.053763
5.125125,2.275052,-0.776266,0.053917
5.135135,2.282175,-0.754990,0.054070
5.145145,2.289084,-0.733601,0.054221
5.155155,2.295776,-0.712100,0.054371
5.165165,2.302251,-0.690491,0.054519
5.175175,2.308508,-0.668775,0.054666
5.185185,2.314545,-0.646953,0.054812
5.195195,2.320362,-0.625028,0.054955
5.205205,2.325958,-0.603003,0.055097
5.215215,2.331331,-0.580878,0.055238
5.225225,2.336481,-0.558656,0.055376
5.235235,2.341407,-0.536339,0.055513
5.245245,2.346107,-0.513929,0.055647
5.255255,2.350581,-0.491428,0.055780
5.265265,2.354828,-0.468839,0.055911
5.275275,2.358848,-0.446163,0.056040
5.285285,2.362638,-0.423402,0.056167
5.295295,2.366199,-0.400558,0.056291
5.305305,2.369530,-0.377635,0.056414
5.315315,2.372630,-0.354633,0.056534
5.325325,2.375498,-0.331555,0.056652
5.335335,2.378133,-0.308404,0.056767
5.345345,2.380535,-0.285181,0.056880
5.355355,2.382704,-0.261888,0.056991
5.365365,2.384637,-0.238528,0.057099
5.375375,2.386336,-0.215103,0.057205
5.385385,2.387798,-0.191616,0.057308
5.395395,2.389024,-0.168068,0.057409
5.405405,2.390013,-0.144461,0.057507
5.415415,2.390765,-0.120799,0.057602
5.425425,2.391278,-0.097083,0.057695
5.435435,2.391553,-0.073315,0.057785
5.445445,2.391589,-0.049498,0.057871
5.455455,2.391386,-0.025634,0.057955
5.465465,2.390942,-0.001726,0.058037
5.475475,2.390258,0.022225,0.058115
5.485485,2.389333,0.046216,0.058190
5.495495,2.388168,0.070244,0.058262
5.505506,2.386761,0.094307,0.058331
5.515516,2.385112,0.118404,0.058397
5.525526,2.383221,0.142530,0.058459
5.535536,2.381088,0.166686,0.058519
5.545546,2.378712,0.190866,0.058575
5.555556,2.376094,0.215071,0.058628
5.565566,2.373233,0.239296,0.058678
5.575576,2.370129,0.263540,0.058724
5.585586,2.366781,0.287801,0.058767
5.595596,2.363190,0.312075,0.058806
5.605606,2.359356,0.336361,0.058842
5.615616,2.355278,0.360655,0.058875
5.625626,2.350957,0.384957,0.058904
5.635636,2.346392,0.409262,0.058930
5.645646,2.341584,0.433569,0.058952
5.655656,2.336532,0.457876,0.058970
5.665666,2.331237,0.482179,0.058985
5.675676,2.325698,0.506477,0.058996
5.685686,2.319916,0.530767,0.059003
5.695696,2.313891,0.555046,0.059007
5.705706,2.307622,0.579313,0.059007
5.715716,2.301112,0.603564,0.059004
5.725726,2.294358,0.627797,0.058996
5.735736,2.287362,0.652010,0.058985
5.745746,2.280124,0.676200,0.058970
5.755756,2.272644,0.700364,0.058952
5.765766,2.264922,0.724501,0.058929
5.775776,2.256960,0.748608,0.058903
5.785786,2.248756,0.772682,0.058873
5.795796,2.240312,0.796721,0.058839
5.805806,2.231628,0.820723,0.058802
5.815816,2.222704,0.844684,0.058760
5.825826,2.213541,0.868603,0.058715
5.835836,2.204139,0.892476,0.058666
5.845846,2.194499,0.916302,0.058613
5.855856,2.184622,0.940078,0.058557
5.865866,2.174507,0.963802,0.058496
5.875876,2.164156,0.987470,0.058432
5.885886,2.153568,1.011081,0.058364
5.895896,2.142745,1.034632,0.058292
5.905906,2.131688,1.058121,0.058217
5.915916,2.120397,1.081544,0.058137
5.925926,2.108872,1.104901,0.058054
5.935936,2.097114,1.128187,0.057968
5.945946,2.085125,1.151401,0.057877
5.955956,2.072905,1.174541,0.057783
5.965966,2.060454,1.197603,0.057685
5.975976,2.047774,1.220586,0.057584
5.985986,2.034866,1.243486,0.057479
5.995996,2.021729,1.266302,0.057370
6.006006,2.008366,1.289030,0.057258
6.016016,1.994777,1.311670,0.057143
6.026026,1.980963,1.334217,0.057023
6.036036,1.966925,1.356670,0.056901
6.046046,1.952663,1.379026,0.056775
6.056056,1.938180,1.401283,0.056646
6.066066,1.923476,1.423439,0.056513
6.076076,1.908552,1.445490,0.056377
6.086086,1.893409,1.467435,0.056238
6.096096,1.878048,1.489271,0.056095
6.106106,1.862471,1.510996,0.055949
6.116116,1.846678,1.532607,0.055801
6.126126,1.830671,1.554102,0.055649
6.136136,1.814452,1.575479,0.055494
6.146146,1.798020,1.596735,0.055336
6.156156,1.781377,1.617868,0.055175
6.166166,1.764526,1.638875,0.055011
6.176176,1.747466,1.659755,0.054845
6.186186,1.730200,1.680504,0.054676
6.196196,1.712728,1.701121,0.054504
6.206206,1.695053,1.721604,0.054329
6.216216,1.677175,1.741949,0.054152
6.226226,1.659095,1.762155,0.053972
6.236236,1.640816,1.782219,0.053789
6.246246,1.622339,1.802139,0.053605
6.256256,1.603665,1.821913,0.053417
6.266266,1.584795,1.841539,0.053228
6.276276,1.565732,1.861014,0.053036
6.286286,1.546476,1.880336,0.052842
6.296296,1.527030,1.899502,0.052646
6.306306,1.507395,1.918512,0.052448
6.316316,1.487572,1.937361,0.052248
6.326326,1.467563,1.956049,0.052046
6.336336,1.447371,1.974573,0.051842
6.346346,1.426995,1.992931,0.051636
6.356356,1.406439,2.011121,0.051429
6.366366,1.385703,2.029140,0.051220
6.376376,1.364791,2.046987,0.051009
6.386386,1.343702,2.064658,0.050796
6.396396,1.322440,2.082154,0.050583
6.406406,1.301005,2.099470,0.050367
6.416416,1.279401,2.116605,0.050151
6.426426,1.257627,2.133558,0.049933
6.436436,1.235688,2.150325,0.049714
6.446446,1.213583,2.166906,0.049494
6.456456,1.191316,2.183297,0.049273
6.466466,1.168888,2.199497,0.049050
6.476476,1.146301,2.215504,0.048827
6.486486,1.123556,2.231316,0.048603
6.496496,1.100657,2.246931,0.048378
6.506507,1.077605,2.262347,0.048152
6.516517,1.054402,2.277563,0.047926
6.526527,1.031049,2.292575,0.047699
6.536537,1.007550,2.307383,0.047472
6.546547,0.983906,2.321985,0.047244
6.556557,0.960119,2.336378,0.047015
6.566567,0.936191,2.350560,0.046786
6.576577,0.912124,2.364531,0.046557
6.586587,0.887922,2.378288,0.046328
6.596597,0.863584,2.391830,0.046098
6.606607,0.839115,2.405154,0.045868
6.616617,0.814516,2.418258,0.045638
6.626627,0.789788,2.431142,0.045408
6.636637,0.764936,2.443804,0.045179
6.646647,0.739960,2.456241,0.044949
6.656657,0.714863,2.468452,0.044719
6.666667,0.689647,2.480435,0.044490
6.676677,0.664314,2.492190,0.044261
6.686687,0.638868,2.503713,0.044032
6.696697,0.613309,2.515004,0.043803
6.706707,0.587641,2.526061,0.043575
6.716717,0.561866,2.536883,0.043347
6.726727,0.535986,2.547467,0.043120
6.736737,0.510003,2.557813,0.042893
6.746747,0.483920,2.567918,0.042667
6.756757,0.457740,2.577782,0.042442
6.766767,0.431464,2.587403,0.042217
6.776777,0.405096,2.596780,0.041993
6.786787,0.378637,2.605910,0.041770
6.796797,0.352090,2.614794,0.041547
6.806807,0.325457,2.623428,0.041325
6.816817,0.298742,2.631813,0.041105
6.826827,0.271946,2.639946,0.040885
6.836837,0.245073,2.647827,0.040666
6.846847,0.218124,2.655454,0.040448
6.856857,0.191102,2.662826,0.040231
6.866867,0.164009,2.669942,0.040015
6.876877,0.136849,2.676800,0.039800
6.886887,0.109624,2.683399,0.039586
6.896897,0.082336,2.689738,0.039373
6.906907,0.054988,2.695817,0.039162
6.916917,0.027582,2.701633,0.038952
6.926927,0.000122,2.707186,0.038742
6.936937,-0.027390,2.712475,0.038535
6.946947,-0.054952,2.717498,0.038328
6.956957,-0.082561,2.722255,0.038123
6.966967,-0.110214,2.726745,0.037919
6.976977,-0.137909,2.730966,0.037716
6.986987,-0.165643,2.734918,0.037515
6.996997,-0.193412,2.738600,0.037315
7.007007,-0.221215,2.742011,0.037116
7.017017,-0.249050,2.745150,0.036919
7.027027,-0.276912,2.748017,0.036723
7.037037,-0.304799,2.750609,0.036529
7.047047,-0.332709,2.752928,0.036336
7.057057,-0.360639,2.754971,0.036144
7.067067,-0.388587,2.756738,0.035954
7.077077,-0.416548,2.758229,0.035766
7.087087,-0.444521,2.759443,0.035579
7.097097,-0.472504,2.760378,0.035393
7.107107,-0.500492,2.761036,0.035209
7.117117,-0.528484,2.761414,0.035026
7.127127,-0.556476,2.761512,0.034845
7.137137,-0.584466,2.761330,0.034666
7.147147,-0.612451,2.760867,0.034488
7.157157,-0.640428,2.760123,0.034311
7.167167,-0.668394,2.759097,0.034137
7.177177,-0.696348,2.757789,0.033963
7.187187,-0.724284,2.756198,0.033791
7.197197,-0.752202,2.754324,0.033621
7.207207,-0.780098,2.752167,0.033452
7.217217,-0.807970,2.749726,0.033285
7.227227,-0.835813,2.747002,0.033120
7.237237,-0.863627,2.743992,0.032956
7.247247,-0.891407,2.740699,0.032793
7.257257,-0.919151,2.737120,0.032632
7.267267,-0.946856,2.733257,0.032473
7.277277,-0.974520,2.729108,0.032315
7.287287,-1.002139,2.724674,0.032159
7.297297,-1.029711,2.719955,0.032004
7.307307,-1.057233,2.714950,0.031851
7.317317,-1.084701,2.709659,0.031699
7.327327,-1.112114,2.704084,0.031549
7.337337,-1.139468,2.698222,0.031401
7.347347,-1.166760,2.692075,0.031254
7.357357,-1.193988,2.685643,0.031108
7.367367,-1.221148,2.678925,0.030964
7.377377,-1.248239,2.671922,0.030822
7.387387,-1.275256,2.664633,0.030681
7.397397,-1.302198,2.657060,0.030541
7.407407,-1.329061,2.649202,0.030403
7.417417,-1.355843,2.641060,0.030267
7.427427,-1.382540,2.632633,0.030132
7.437437,-1.409151,2.623923,0.029998
7.447447,-1.435671,2.614928,0.029866
7.457457,-1.462098,2.605651,0.029736
7.467467,-1.488430,2.596090,0.029607
7.477477,-1.514664,2.586247,0.029479
7.487487,-1.540796,2.576122,0.029353
7.497497,-1.566825,2.565715,0.029228
7.507508,-1.592746,2.555028,0.029105
7.517518,-1.618558,2.544059,0.028983
7.527528,-1.644258,2.532811,0.028862
7.537538,-1.669842,2.521283,0.028743
7.547548,-1.695308,2.509476,0.028625
7.557558,-1.720654,2.497391,0.028509
7.567568,-1.745876,2.485028,0.028394
7.577578,-1.770972,2.472389,0.028280
7.587588,-1.795938,2.459473,0.028168
7.597598,-1.820773,2.446282,0.028057
7.607608,-1.845474,2.432816,0.027948
7.617618,-1.870037,2.419077,0.027839
7.627628,-1.894460,2.405064,0.027733
7.637638,-1.918741,2.390780,0.027627
7.647648,-1.942876,2.376224,0.027523
7.657658,-1.966863,2.361398,0.027420
7.667668,-1.990699,2.346303,0.027318
7.677678,-2.014382,2.330939,0.027218
7.687688,-2.037909,2.315308,0.027118
7.697698,-2.061277,2.299411,0.027021
7.707708,-2.084483,2.283249,0.026924
7.717718,-2.107525,2.266822,0.026829
7.727728,-2.130401,2.250133,0.026734
7.737738,-2.153107,2.233181,0.026642
7.747748,-2.175642,2.215969,0.026550
7.757758,-2.198002,2.198498,0.026459
7.767768,-2.220185,2.180769,0.026370
7.777778,-2.242188,2.162782,0.026282
7.787788,-2.264009,2.144540,0.026195
7.797798,-2.285645,2.126044,0.026110
7.807808,-2.307094,2.107295,0.026025
7.817818,-2.328354,2.088294,0.025942
7.827828,-2.349421,2.069043,0.025860
7.837838,-2.370293,2.049543,0.025778
7.847848,-2.390968,2.029797,0.025699
7.857858,-2.411443,2.009804,0.025620
7.867868,-2.431716,1.989567,0.025542
7.877878,-2.451785,1.969088,0.025466
7.887888,-2.471646,1.948367,0.025390
7.897898,-2.491299,1.927407,0.025316
7.907908,-2.510739,1.906209,0.025243
7.917918,-2.529965,1.884775,0.025170
7.927928,-2.548975,1.863106,0.025099
7.937938,-2.567767,1.841205,0.025029
7.947948,-2.586337,1.819073,0.024961
7.957958,-2.604683,1.796711,0.024893
7.967968,-2.622805,1.774121,0.024826
7.977978,-2.640698,1.751306,0.024760
7.987988,-2.658361,1.728267,0.024695
7.997998,-2.675791,1.705006,0.024632
8.008008,-2.692987,1.681525,0.024569
8.018018,-2.709947,1.657826,0.024507
8.028028,-2.726667,1.633911,0.024447
8.038038,-2.743146,1.609781,0.024387
8.048048,-2.759382,1.585439,0.024329
8.058058,-2.775373,1.560887,0.024271
8.068068,-2.791117,1.536127,0.024214
8.078078,-2.806610,1.511160,0.024159
8.088088,-2.821853,1.485990,0.024104
8.098098,-2.836842,1.460617,0.024050
8.108108,-2.851575,1.435045,0.023998
8.118118,-2.866051,1.409275,0.023946
8.128128,-2.880268,1.383310,0.023895
8.138138,-2.894223,1.357152,0.023845
8.148148,-2.907915,1.330803,0.023796
8.158158,-2.921341,1.304265,0.023748
8.168168,-2.934501,1.277540,0.023701
8.178178,-2.947392,1.250632,0.023655
8.188188,-2.960012,1.223542,0.023610
8.198198,-2.972359,1.196272,0.023566
8.208208,-2.984432,1.168826,0.023523
8.218218,-2.996229,1.141205,0.023480
8.228228,-3.007749,1.113411,0.023439
8.238238,-3.018989,1.085448,0.023398
8.248248,-3.029947,1.057318,0.023359
8.258258,-3.040623,1.029023,0.023320
8.268268,-3.051015,1.000566,0.023282
8.278278,-3.061120,0.971949,0.023245
8.288288,-3.070938,0.943175,0.023209
8.298298,-3.080467,0.914246,0.023174
8.308308,-3.089705,0.885165,0.023139
8.318318,-3.098650,0.855935,0.023106
8.328328,-3.107303,0.826558,0.023073
8.338338,-3.115660,0.797037,0.023041
8.348348,-3.123720,0.767375,0.023011
8.358358,-3.131483,0.737574,0.022981
8.368368,-3.138946,0.707637,0.022951
8.378378,-3.146109,0.677566,0.022923
8.388388,-3.152969,0.647365,0.022896
8.398398,-3.159527,0.617037,0.022869
8.408408,-3.165780,0.586583,0.022844
8.418418,-3.171727,0.556007,0.022819
8.428428,-3.177367,0.525312,0.022795
8.438438,-3.182700,0.494501,0.022771
8.448448,-3.187723,0.463576,0.022749
8.458458,-3.192436,0.432540,0.022728
8.468468,-3.196837,0.401396,0.022707
8.478478,-3.200926,0.370147,0.022687
8.488488,-3.204701,0.338796,0.022668
8.498498,-3.208162,0.307346,0.022650
8.508509,-3.211307,0.275800,0.022633
8.518519,-3.214136,0.244161,0.022616
8.528529,-3.216648,0.212432,0.022601
8.538539,-3.218841,0.180615,0.022586
8.548549,-3.220716,0.148715,0.022572
8.558559,-3.222270,0.116733,0.022559
8.568569,-3.223504,0.084673,0.022546
8.578579,-3.224417,0.052539,0.022535
8.588589,-3.225007,0.020332,0.022524
8.598599,-3.225274,-0.011944,0.022514
8.608609,-3.225218,-0.044285,0.022505
8.618619,-3.224838,-0.076689,0.022497
8.628629,-3.224133,-0.109152,0.022490
8.638639,-3.223103,-0.141672,0.022483
8.648649,-3.221747,-0.174245,0.022477
8.658659,-3.220064,-0.206868,0.022472
8.668669,-3.218055,-0.239538,0.022468
8.678679,-3.215719,-0.272252,0.022465
8.688689,-3.213054,-0.305006,0.022462
8.698699,-3.210062,-0.337797,0.022461
8.708709,-3.206741,-0.370623,0.022460
8.718719,-3.203092,-0.403479,0.022460
8.728729,-3.199113,-0.436363,0.022461
8.738739,-3.194805,-0.469272,0.022462
8.748749,-3.190168,-0.502201,0.022465
8.758759,-3.185201,-0.535149,0.022468
8.768769,-3.179904,-0.568111,0.022472
8.778779,-3.174277,-0.601084,0.022477
8.788789,-3.168320,-0.634065,0.022483
8.798799,-3.162033,-0.667052,0.022489
8.808809,-3.155416,-0.700039,0.022497
8.818819,-3.148469,-0.733025,0.022505
8.828829,-3.141191,-0.766005,0.022514
8.838839,-3.133584,-0.798978,0.022524
8.848849,-3.125647,-0.831938,0.022535
8.858859,-3.117380,-0.864883,0.022546
8.868869,-3.108783,-0.897810,0.022559
8.878879,-3.099857,-0.930715,0.022572
8.888889,-3.090602,-0.963594,0.022586
8.898899,-3.081018,-0.996446,0.022601
8.908909,-3.071106,-1.029265,0.022617
8.918919,-3.060865,-1.062049,0.022634
8.928929,-3.050297,-1.094795,0.022651
8.938939,-3.039401,-1.127499,0.022670
8.948949,-3.028178,-1.160157,0.022689
8.958959,-3.016629,-1.192767,0.022709
8.968969,-3.004754,-1.225325,0.022730
8.978979,-2.992553,-1.257828,0.022752
8.988989,-2.980028,-1.290271,0.022775
8.998999,-2.967178,-1.322653,0.022798
9.009009,-2.954005,-1.354969,0.022823
9.019019,-2.940509,-1.387216,0.022848
9.029029,-2.926691,-1.419391,0.022874
9.039039,-2.912551,-1.451491,0.022902
9.049049,-2.898091,-1.483511,0.022930
9.059059,-2.883310,-1.515450,0.022959
9.069069,-2.868211,-1.547302,0.022988
9.079079,-2.852794,-1.579065,0.023019
9.089089,-2.837059,-1.610736,0.023051
9.099099,-2.821009,-1.642312,0.023084
9.109109,-2.804643,-1.673788,0.023117
9.119119,-2.787963,-1.705161,0.023152
9.129129,-2.770969,-1.736429,0.023187
9.139139,-2.753664,-1.767588,0.023223
9.149149,-2.736047,-1.798634,0.023261
9.159159,-2.718121,-1.829564,0.023299
9.169169,-2.699886,-1.860375,0.023338
9.179179,-2.681344,-1.891064,0.023378
9.189189,-2.662496,-1.921627,0.023419
9.199199,-2.643342,-1.952060,0.023461
9.209209,-2.623886,-1.982361,0.023504
9.219219,-2.604126,-2.012527,0.023549
9.229229,-2.584067,-2.042553,0.023594
9.239239,-2.563707,-2.072437,0.023640
9.249249,-2.543050,-2.102175,0.023687
9.259259,-2.522096,-2.131765,0.023735
9.269269,-2.500848,-2.161202,0.023784
9.279279,-2.479306,-2.190484,0.023834
9.289289,-2.457472,-2.219608,0.023885
9.299299,-2.435348,-2.248569,0.023937
9.309309,-2.412935,-2.277366,0.023990
9.319319,-2.390236,-2.305994,0.024045
9.329329,-2.367251,-2.334450,0.024100
9.339339,-2.343983,-2.362732,0.024156
9.349349,-2.320434,-2.390836,0.024214
9.359359,-2.296604,-2.418759,0.024272
9.369369,-2.272496,-2.446498,0.024332
9.379379,-2.248113,-2.474049,0.024393
9.389389,-2.223455,-2.501410,0.024455
9.399399,-2.198525,-2.528578,0.024518
9.409409,-2.173324,-2.555548,0.024582
9.419419,-2.147855,-2.582319,0.024647
9.429429,-2.122120,-2.608887,0.024713
9.439439,-2.096121,-2.635249,0.024781
9.449449,-2.069859,-2.661402,0.024850
9.459459,-2.043338,-2.687343,0.024919
9.469469,-2.016558,-2.713069,0.024990
9.479479,-1.989523,-2.738576,0.025063
9.489489,-1.962234,-2.763863,0.025136
9.499499,-1.934695,-2.788926,0.025211
9.509510,-1.906906,-2.813762,0.025287
9.519520,-1.878870,-2.838368,0.025364
9.529530,-1.850590,-2.862741,0.025442
9.539540,-1.822068,-2.886878,0.025522
9.549550,-1.793306,-2.910777,0.025603
9.559560,-1.764308,-2.934434,0.025685
9.569570,-1.735074,-2.957847,0.025769
9.579580,-1.705608,-2.981012,0.025854
9.589590,-1.675912,-3.003928,0.025940
9.599600,-1.645990,-3.026591,0.026027
9.609610,-1.615842,-3.048998,0.026116
9.619620,-1.585472,-3.071147,0.026206
9.629630,-1.554883,-3.093035,0.026298
9.639640,-1.524077,-3.114660,0.026391
9.649650,-1.493057,-3.136018,0.026485
9.659660,-1.461825,-3.157107,0.026581
9.669670,-1.430384,-3.177924,0.026678
9.679680,-1.398738,-3.198466,0.026776
9.689690,-1.366888,-3.218732,0.026876
9.699700,-1.334838,-3.238719,0.026978
9.709710,-1.302590,-3.258423,0.027081
9.719720,-1.270147,-3.277842,0.027185
9.729730,-1.237513,-3.296975,0.027291
9.739740,-1.204689,-3.315818,0.027399
9.749750,-1.171679,-3.334368,0.027508
9.759760,-1.138487,-3.352625,0.027619
9.769770,-1.105114,-3.370584,0.027731
9.779780,-1.071564,-3.388244,0.027845
9.789790,-1.037840,-3.405602,0.027960
9.799800,-1.003944,-3.422657,0.028077
9.809810,-0.969881,-3.439405,0.028196
9.819820,-0.935653,-3.455845,0.028316
9.829830,-0.901263,-3.471973,0.028438
9.839840,-0.866714,-3.487789,0.028562
9.849850,-0.832010,-3.503289,0.028687
9.859860,-0.797154,-3.518472,0.028814
9.869870,-0.762148,-3.533336,0.028943
9.879880,-0.726997,-3.547877,0.029074
9.889890,-0.691703,-3.562095,0.029206
9.899900,-0.656269,-3.575987,0.029341
9.909910,-0.620700,-3.589551,0.029477
9.919920,-0.584998,-3.602785,0.029615
9.929930,-0.549166,-3.615688,0.029754
9.939940,-0.513208,-3.628256,0.029896
9.949950,-0.477128,-3.640489,0.030040
9.959960,-0.440928,-3.652384,0.030185
9.969970,-0.404613,-3.663940,0.030333
9.979980,-0.368184,-3.675155,0.030482
9.989990,-0.331647,-3.686026,0.030634
10.000000,-0.295005,-3.696552,0.030787
